Copyright 1986-2021 Xilinx, Inc. All Rights Reserved.
------------------------------------------------------------------------------------------------------------------------------------------------------------------------------
| Tool Version : Vivado v.2021.2 (win64) Build 3367213 Tue Oct 19 02:48:09 MDT 2021
| Date         : Fri Oct  9 09:43:50 2026
| Host         : jarvis running 64-bit major release  (build 9200)
| Command      : report_timing_summary -delay_type min_max -report_unconstrained -check_timing_verbose -max_paths 10 -file {C:/VLSI/risv original/reports/timing_summary.rpt}
| Design       : soc_top
| Device       : 7z020-clg484
| Speed File   : -1  PRODUCTION 1.12 2019-11-22
------------------------------------------------------------------------------------------------------------------------------------------------------------------------------

Timing Summary Report

------------------------------------------------------------------------------------------------
| Timer Settings
| --------------
------------------------------------------------------------------------------------------------

  Enable Multi Corner Analysis               :  Yes
  Enable Pessimism Removal                   :  Yes
  Pessimism Removal Resolution               :  Nearest Common Node
  Enable Input Delay Default Clock           :  No
  Enable Preset / Clear Arcs                 :  No
  Disable Flight Delays                      :  No
  Ignore I/O Paths                           :  No
  Timing Early Launch at Borrowing Latches   :  No
  Borrow Time for Max Delay Exceptions       :  Yes
  Merge Timing Exceptions                    :  Yes

  Corner  Analyze    Analyze    
  Name    Max Paths  Min Paths  
  ------  ---------  ---------  
  Slow    Yes        Yes        
  Fast    Yes        Yes        


------------------------------------------------------------------------------------------------
| Report Methodology
| ------------------
------------------------------------------------------------------------------------------------

No report available as report_methodology has not been run prior. Run report_methodology on the current design for the summary of methodology violations.



check_timing report

Table of Contents
-----------------
1. checking no_clock (0)
2. checking constant_clock (0)
3. checking pulse_width_clock (0)
4. checking unconstrained_internal_endpoints (0)
5. checking no_input_delay (0)
6. checking no_output_delay (0)
7. checking multiple_clock (0)
8. checking generated_clocks (0)
9. checking loops (0)
10. checking partial_input_delay (0)
11. checking partial_output_delay (0)
12. checking latch_loops (0)

1. checking no_clock (0)
------------------------
 There are 0 register/latch pins with no clock.


2. checking constant_clock (0)
------------------------------
 There are 0 register/latch pins with constant_clock.


3. checking pulse_width_clock (0)
---------------------------------
 There are 0 register/latch pins which need pulse_width check


4. checking unconstrained_internal_endpoints (0)
------------------------------------------------
 There are 0 pins that are not constrained for maximum delay.

 There are 0 pins that are not constrained for maximum delay due to constant clock.


5. checking no_input_delay (0)
------------------------------
 There are 0 input ports with no input delay specified.

 There are 0 input ports with no input delay but user has a false path constraint.


6. checking no_output_delay (0)
-------------------------------
 There are 0 ports with no output delay specified.

 There are 0 ports with no output delay but user has a false path constraint

 There are 0 ports with no output delay but with a timing clock defined on it or propagating through it


7. checking multiple_clock (0)
------------------------------
 There are 0 register/latch pins with multiple clocks.


8. checking generated_clocks (0)
--------------------------------
 There are 0 generated clocks that are not connected to a clock source.


9. checking loops (0)
---------------------
 There are 0 combinational loops in the design.


10. checking partial_input_delay (0)
------------------------------------
 There are 0 input ports with partial input delay specified.


11. checking partial_output_delay (0)
-------------------------------------
 There are 0 ports with partial output delay specified.


12. checking latch_loops (0)
----------------------------
 There are 0 combinational latch loops in the design through latch input



------------------------------------------------------------------------------------------------
| Design Timing Summary
| ---------------------
------------------------------------------------------------------------------------------------

    WNS(ns)      TNS(ns)  TNS Failing Endpoints  TNS Total Endpoints      WHS(ns)      THS(ns)  THS Failing Endpoints  THS Total Endpoints     WPWS(ns)     TPWS(ns)  TPWS Failing Endpoints  TPWS Total Endpoints  
    -------      -------  ---------------------  -------------------      -------      -------  ---------------------  -------------------     --------     --------  ----------------------  --------------------  
      0.943        0.000                      0                22600        0.054        0.000                      0                22600        3.750        0.000                       0                  7345  


All user specified timing constraints are met.


------------------------------------------------------------------------------------------------
| Clock Summary
| -------------
------------------------------------------------------------------------------------------------

Clock     Waveform(ns)       Period(ns)      Frequency(MHz)
-----     ------------       ----------      --------------
clk_100m  {0.000 5.000}      10.000          100.000         


------------------------------------------------------------------------------------------------
| Intra Clock Table
| -----------------
------------------------------------------------------------------------------------------------

Clock             WNS(ns)      TNS(ns)  TNS Failing Endpoints  TNS Total Endpoints      WHS(ns)      THS(ns)  THS Failing Endpoints  THS Total Endpoints     WPWS(ns)     TPWS(ns)  TPWS Failing Endpoints  TPWS Total Endpoints  
-----             -------      -------  ---------------------  -------------------      -------      -------  ---------------------  -------------------     --------     --------  ----------------------  --------------------  
clk_100m            0.943        0.000                      0                21853        0.054        0.000                      0                21853        3.750        0.000                       0                  7345  


------------------------------------------------------------------------------------------------
| Inter Clock Table
| -----------------
------------------------------------------------------------------------------------------------

From Clock    To Clock          WNS(ns)      TNS(ns)  TNS Failing Endpoints  TNS Total Endpoints      WHS(ns)      THS(ns)  THS Failing Endpoints  THS Total Endpoints  
----------    --------          -------      -------  ---------------------  -------------------      -------      -------  ---------------------  -------------------  


------------------------------------------------------------------------------------------------
| Other Path Groups Table
| -----------------------
------------------------------------------------------------------------------------------------

Path Group         From Clock         To Clock               WNS(ns)      TNS(ns)  TNS Failing Endpoints  TNS Total Endpoints      WHS(ns)      THS(ns)  THS Failing Endpoints  THS Total Endpoints  
----------         ----------         --------               -------      -------  ---------------------  -------------------      -------      -------  ---------------------  -------------------  
**async_default**  clk_100m           clk_100m                 1.995        0.000                      0                  747        1.353        0.000                      0                  747  


------------------------------------------------------------------------------------------------
| User Ignored Path Table
| -----------------------
------------------------------------------------------------------------------------------------

Path Group    From Clock    To Clock    
----------    ----------    --------    
(none)        clk_100m      clk_100m      


------------------------------------------------------------------------------------------------
| Unconstrained Path Table
| ------------------------
------------------------------------------------------------------------------------------------

Path Group    From Clock    To Clock    
----------    ----------    --------    


------------------------------------------------------------------------------------------------
| Timing Details
| --------------
------------------------------------------------------------------------------------------------


---------------------------------------------------------------------------------------------------
From Clock:  clk_100m
  To Clock:  clk_100m

Setup :            0  Failing Endpoints,  Worst Slack        0.943ns,  Total Violation        0.000ns
Hold  :            0  Failing Endpoints,  Worst Slack        0.054ns,  Total Violation        0.000ns
PW    :            0  Failing Endpoints,  Worst Slack        3.750ns,  Total Violation        0.000ns
---------------------------------------------------------------------------------------------------


Max Delay Paths
--------------------------------------------------------------------------------------
Slack (MET) :             0.943ns  (required time - arrival time)
  Source:                 acc_wrap/fixed_ip/u_ws_datapath/u_weight_buffer/rd_data_reg[7]/C
                            (rising edge-triggered cell FDRE clocked by clk_100m  {rise@0.000ns fall@5.000ns period=10.000ns})
  Destination:            acc_wrap/fixed_ip/u_ws_datapath/u_systolic_array/pe35/weight_reg_reg[7]/D
                            (rising edge-triggered cell FDRE clocked by clk_100m  {rise@0.000ns fall@5.000ns period=10.000ns})
  Path Group:             clk_100m
  Path Type:              Setup (Max at Slow Process Corner)
  Requirement:            10.000ns  (clk_100m rise@10.000ns - clk_100m rise@0.000ns)
  Data Path Delay:        8.786ns  (logic 0.456ns (5.190%)  route 8.330ns (94.810%))
  Logic Levels:           0  
  Clock Path Skew:        -0.168ns (DCD - SCD + CPR)
    Destination Clock Delay (DCD):    5.026ns = ( 15.026 - 10.000 ) 
    Source Clock Delay      (SCD):    5.474ns
    Clock Pessimism Removal (CPR):    0.280ns
  Clock Uncertainty:      0.035ns  ((TSJ^2 + TIJ^2)^1/2 + DJ) / 2 + PE
    Total System Jitter     (TSJ):    0.071ns
    Total Input Jitter      (TIJ):    0.000ns
    Discrete Jitter          (DJ):    0.000ns
    Phase Error              (PE):    0.000ns

    Location             Delay type                Incr(ns)  Path(ns)    Netlist Resource(s)
  -------------------------------------------------------------------    -------------------
                         (clock clk_100m rise edge)
                                                      0.000     0.000 r  
    Y9                                                0.000     0.000 r  clk_100m (IN)
                         net (fo=0)                   0.000     0.000    clk_100m
    Y9                   IBUF (Prop_ibuf_I_O)         1.490     1.490 r  clk_100m_IBUF_inst/O
                         net (fo=1, routed)           2.171     3.661    clk_100m_IBUF
    BUFGCTRL_X0Y0        BUFG (Prop_bufg_I_O)         0.101     3.762 r  clk_100m_IBUF_BUFG_inst/O
                         net (fo=7344, routed)        1.712     5.474    acc_wrap/fixed_ip/u_ws_datapath/u_weight_buffer/clk_100m_IBUF_BUFG
    SLICE_X68Y23         FDRE                                         r  acc_wrap/fixed_ip/u_ws_datapath/u_weight_buffer/rd_data_reg[7]/C
  -------------------------------------------------------------------    -------------------
    SLICE_X68Y23         FDRE (Prop_fdre_C_Q)         0.456     5.930 r  acc_wrap/fixed_ip/u_ws_datapath/u_weight_buffer/rd_data_reg[7]/Q
                         net (fo=64, routed)          8.330    14.260    acc_wrap/fixed_ip/u_ws_datapath/u_systolic_array/pe35/weight_reg_reg[7]_1[7]
    SLICE_X81Y62         FDRE                                         r  acc_wrap/fixed_ip/u_ws_datapath/u_systolic_array/pe35/weight_reg_reg[7]/D
  -------------------------------------------------------------------    -------------------

                         (clock clk_100m rise edge)
                                                     10.000    10.000 r  
    Y9                                                0.000    10.000 r  clk_100m (IN)
                         net (fo=0)                   0.000    10.000    clk_100m
    Y9                   IBUF (Prop_ibuf_I_O)         1.420    11.420 r  clk_100m_IBUF_inst/O
                         net (fo=1, routed)           1.972    13.392    clk_100m_IBUF
    BUFGCTRL_X0Y0        BUFG (Prop_bufg_I_O)         0.091    13.483 r  clk_100m_IBUF_BUFG_inst/O
                         net (fo=7344, routed)        1.544    15.026    acc_wrap/fixed_ip/u_ws_datapath/u_systolic_array/pe35/clk_100m_IBUF_BUFG
    SLICE_X81Y62         FDRE                                         r  acc_wrap/fixed_ip/u_ws_datapath/u_systolic_array/pe35/weight_reg_reg[7]/C
                         clock pessimism              0.280    15.306    
                         clock uncertainty           -0.035    15.271    
    SLICE_X81Y62         FDRE (Setup_fdre_C_D)       -0.067    15.204    acc_wrap/fixed_ip/u_ws_datapath/u_systolic_array/pe35/weight_reg_reg[7]
  -------------------------------------------------------------------
                         required time                         15.204    
                         arrival time                         -14.260    
  -------------------------------------------------------------------
                         slack                                  0.943    

Slack (MET) :             1.229ns  (required time - arrival time)
  Source:                 acc_wrap/fixed_ip/u_ws_datapath/u_weight_buffer/rd_data_reg[7]/C
                            (rising edge-triggered cell FDRE clocked by clk_100m  {rise@0.000ns fall@5.000ns period=10.000ns})
  Destination:            acc_wrap/fixed_ip/u_ws_datapath/u_systolic_array/pe25/weight_reg_reg[7]/D
                            (rising edge-triggered cell FDRE clocked by clk_100m  {rise@0.000ns fall@5.000ns period=10.000ns})
  Path Group:             clk_100m
  Path Type:              Setup (Max at Slow Process Corner)
  Requirement:            10.000ns  (clk_100m rise@10.000ns - clk_100m rise@0.000ns)
  Data Path Delay:        8.489ns  (logic 0.456ns (5.372%)  route 8.033ns (94.628%))
  Logic Levels:           0  
  Clock Path Skew:        -0.166ns (DCD - SCD + CPR)
    Destination Clock Delay (DCD):    5.028ns = ( 15.028 - 10.000 ) 
    Source Clock Delay      (SCD):    5.474ns
    Clock Pessimism Removal (CPR):    0.280ns
  Clock Uncertainty:      0.035ns  ((TSJ^2 + TIJ^2)^1/2 + DJ) / 2 + PE
    Total System Jitter     (TSJ):    0.071ns
    Total Input Jitter      (TIJ):    0.000ns
    Discrete Jitter          (DJ):    0.000ns
    Phase Error              (PE):    0.000ns

    Location             Delay type                Incr(ns)  Path(ns)    Netlist Resource(s)
  -------------------------------------------------------------------    -------------------
                         (clock clk_100m rise edge)
                                                      0.000     0.000 r  
    Y9                                                0.000     0.000 r  clk_100m (IN)
                         net (fo=0)                   0.000     0.000    clk_100m
    Y9                   IBUF (Prop_ibuf_I_O)         1.490     1.490 r  clk_100m_IBUF_inst/O
                         net (fo=1, routed)           2.171     3.661    clk_100m_IBUF
    BUFGCTRL_X0Y0        BUFG (Prop_bufg_I_O)         0.101     3.762 r  clk_100m_IBUF_BUFG_inst/O
                         net (fo=7344, routed)        1.712     5.474    acc_wrap/fixed_ip/u_ws_datapath/u_weight_buffer/clk_100m_IBUF_BUFG
    SLICE_X68Y23         FDRE                                         r  acc_wrap/fixed_ip/u_ws_datapath/u_weight_buffer/rd_data_reg[7]/C
  -------------------------------------------------------------------    -------------------
    SLICE_X68Y23         FDRE (Prop_fdre_C_Q)         0.456     5.930 r  acc_wrap/fixed_ip/u_ws_datapath/u_weight_buffer/rd_data_reg[7]/Q
                         net (fo=64, routed)          8.033    13.963    acc_wrap/fixed_ip/u_ws_datapath/u_systolic_array/pe25/weight_reg_reg[7]_1[7]
    SLICE_X85Y61         FDRE                                         r  acc_wrap/fixed_ip/u_ws_datapath/u_systolic_array/pe25/weight_reg_reg[7]/D
  -------------------------------------------------------------------    -------------------

                         (clock clk_100m rise edge)
                                                     10.000    10.000 r  
    Y9                                                0.000    10.000 r  clk_100m (IN)
                         net (fo=0)                   0.000    10.000    clk_100m
    Y9                   IBUF (Prop_ibuf_I_O)         1.420    11.420 r  clk_100m_IBUF_inst/O
                         net (fo=1, routed)           1.972    13.392    clk_100m_IBUF
    BUFGCTRL_X0Y0        BUFG (Prop_bufg_I_O)         0.091    13.483 r  clk_100m_IBUF_BUFG_inst/O
                         net (fo=7344, routed)        1.546    15.028    acc_wrap/fixed_ip/u_ws_datapath/u_systolic_array/pe25/clk_100m_IBUF_BUFG
    SLICE_X85Y61         FDRE                                         r  acc_wrap/fixed_ip/u_ws_datapath/u_systolic_array/pe25/weight_reg_reg[7]/C
                         clock pessimism              0.280    15.308    
                         clock uncertainty           -0.035    15.273    
    SLICE_X85Y61         FDRE (Setup_fdre_C_D)       -0.081    15.192    acc_wrap/fixed_ip/u_ws_datapath/u_systolic_array/pe25/weight_reg_reg[7]
  -------------------------------------------------------------------
                         required time                         15.192    
                         arrival time                         -13.963    
  -------------------------------------------------------------------
                         slack                                  1.229    

Slack (MET) :             1.241ns  (required time - arrival time)
  Source:                 acc_wrap/fixed_ip/u_ws_datapath/u_weight_buffer/rd_data_reg[7]/C
                            (rising edge-triggered cell FDRE clocked by clk_100m  {rise@0.000ns fall@5.000ns period=10.000ns})
  Destination:            acc_wrap/fixed_ip/u_ws_datapath/u_systolic_array/pe06/weight_reg_reg[7]/D
                            (rising edge-triggered cell FDRE clocked by clk_100m  {rise@0.000ns fall@5.000ns period=10.000ns})
  Path Group:             clk_100m
  Path Type:              Setup (Max at Slow Process Corner)
  Requirement:            10.000ns  (clk_100m rise@10.000ns - clk_100m rise@0.000ns)
  Data Path Delay:        8.444ns  (logic 0.456ns (5.400%)  route 7.988ns (94.600%))
  Logic Levels:           0  
  Clock Path Skew:        -0.171ns (DCD - SCD + CPR)
    Destination Clock Delay (DCD):    5.023ns = ( 15.023 - 10.000 ) 
    Source Clock Delay      (SCD):    5.474ns
    Clock Pessimism Removal (CPR):    0.280ns
  Clock Uncertainty:      0.035ns  ((TSJ^2 + TIJ^2)^1/2 + DJ) / 2 + PE
    Total System Jitter     (TSJ):    0.071ns
    Total Input Jitter      (TIJ):    0.000ns
    Discrete Jitter          (DJ):    0.000ns
    Phase Error              (PE):    0.000ns

    Location             Delay type                Incr(ns)  Path(ns)    Netlist Resource(s)
  -------------------------------------------------------------------    -------------------
                         (clock clk_100m rise edge)
                                                      0.000     0.000 r  
    Y9                                                0.000     0.000 r  clk_100m (IN)
                         net (fo=0)                   0.000     0.000    clk_100m
    Y9                   IBUF (Prop_ibuf_I_O)         1.490     1.490 r  clk_100m_IBUF_inst/O
                         net (fo=1, routed)           2.171     3.661    clk_100m_IBUF
    BUFGCTRL_X0Y0        BUFG (Prop_bufg_I_O)         0.101     3.762 r  clk_100m_IBUF_BUFG_inst/O
                         net (fo=7344, routed)        1.712     5.474    acc_wrap/fixed_ip/u_ws_datapath/u_weight_buffer/clk_100m_IBUF_BUFG
    SLICE_X68Y23         FDRE                                         r  acc_wrap/fixed_ip/u_ws_datapath/u_weight_buffer/rd_data_reg[7]/C
  -------------------------------------------------------------------    -------------------
    SLICE_X68Y23         FDRE (Prop_fdre_C_Q)         0.456     5.930 r  acc_wrap/fixed_ip/u_ws_datapath/u_weight_buffer/rd_data_reg[7]/Q
                         net (fo=64, routed)          7.988    13.918    acc_wrap/fixed_ip/u_ws_datapath/u_systolic_array/pe06/weight_reg_reg[7]_1[7]
    SLICE_X88Y67         FDRE                                         r  acc_wrap/fixed_ip/u_ws_datapath/u_systolic_array/pe06/weight_reg_reg[7]/D
  -------------------------------------------------------------------    -------------------

                         (clock clk_100m rise edge)
                                                     10.000    10.000 r  
    Y9                                                0.000    10.000 r  clk_100m (IN)
                         net (fo=0)                   0.000    10.000    clk_100m
    Y9                   IBUF (Prop_ibuf_I_O)         1.420    11.420 r  clk_100m_IBUF_inst/O
                         net (fo=1, routed)           1.972    13.392    clk_100m_IBUF
    BUFGCTRL_X0Y0        BUFG (Prop_bufg_I_O)         0.091    13.483 r  clk_100m_IBUF_BUFG_inst/O
                         net (fo=7344, routed)        1.541    15.023    acc_wrap/fixed_ip/u_ws_datapath/u_systolic_array/pe06/clk_100m_IBUF_BUFG
    SLICE_X88Y67         FDRE                                         r  acc_wrap/fixed_ip/u_ws_datapath/u_systolic_array/pe06/weight_reg_reg[7]/C
                         clock pessimism              0.280    15.303    
                         clock uncertainty           -0.035    15.268    
    SLICE_X88Y67         FDRE (Setup_fdre_C_D)       -0.108    15.160    acc_wrap/fixed_ip/u_ws_datapath/u_systolic_array/pe06/weight_reg_reg[7]
  -------------------------------------------------------------------
                         required time                         15.160    
                         arrival time                         -13.918    
  -------------------------------------------------------------------
                         slack                                  1.241    

Slack (MET) :             1.294ns  (required time - arrival time)
  Source:                 dmem/mem_reg_0_0_7/CLKBWRCLK
                            (rising edge-triggered cell RAMB36E1 clocked by clk_100m  {rise@0.000ns fall@5.000ns period=10.000ns})
  Destination:            cpu/reg_out_reg[12]/D
                            (rising edge-triggered cell FDSE clocked by clk_100m  {rise@0.000ns fall@5.000ns period=10.000ns})
  Path Group:             clk_100m
  Path Type:              Setup (Max at Slow Process Corner)
  Requirement:            10.000ns  (clk_100m rise@10.000ns - clk_100m rise@0.000ns)
  Data Path Delay:        8.483ns  (logic 3.793ns (44.715%)  route 4.690ns (55.285%))
  Logic Levels:           5  (LUT5=1 LUT6=3 RAMB36E1=1)
  Clock Path Skew:        -0.265ns (DCD - SCD + CPR)
    Destination Clock Delay (DCD):    4.971ns = ( 14.971 - 10.000 ) 
    Source Clock Delay      (SCD):    5.516ns
    Clock Pessimism Removal (CPR):    0.280ns
  Clock Uncertainty:      0.035ns  ((TSJ^2 + TIJ^2)^1/2 + DJ) / 2 + PE
    Total System Jitter     (TSJ):    0.071ns
    Total Input Jitter      (TIJ):    0.000ns
    Discrete Jitter          (DJ):    0.000ns
    Phase Error              (PE):    0.000ns

    Location             Delay type                Incr(ns)  Path(ns)    Netlist Resource(s)
  -------------------------------------------------------------------    -------------------
                         (clock clk_100m rise edge)
                                                      0.000     0.000 r  
    Y9                                                0.000     0.000 r  clk_100m (IN)
                         net (fo=0)                   0.000     0.000    clk_100m
    Y9                   IBUF (Prop_ibuf_I_O)         1.490     1.490 r  clk_100m_IBUF_inst/O
                         net (fo=1, routed)           2.171     3.661    clk_100m_IBUF
    BUFGCTRL_X0Y0        BUFG (Prop_bufg_I_O)         0.101     3.762 r  clk_100m_IBUF_BUFG_inst/O
                         net (fo=7344, routed)        1.753     5.516    dmem/clk_100m_IBUF_BUFG
    RAMB36_X3Y12         RAMB36E1                                     r  dmem/mem_reg_0_0_7/CLKBWRCLK
  -------------------------------------------------------------------    -------------------
    RAMB36_X3Y12         RAMB36E1 (Prop_ramb36e1_CLKBWRCLK_CASCADEOUTB)
                                                      2.872     8.388 r  dmem/mem_reg_0_0_7/CASCADEOUTB
                         net (fo=1, routed)           0.065     8.453    dmem/mem_reg_0_0_7_n_1
    RAMB36_X3Y13         RAMB36E1 (Prop_ramb36e1_CASCADEINB_DOBDO[0])
                                                      0.425     8.878 r  dmem/mem_reg_0_1_7/DOBDO[0]
                         net (fo=2, routed)           2.380    11.258    dmem/mem_reg_0_1_7_1[0]
    SLICE_X41Y16         LUT6 (Prop_lut6_I0_O)        0.124    11.382 r  dmem/mem_rdata_q[7]_i_2/O
                         net (fo=3, routed)           0.630    12.012    imem/mem_rdata_q_reg[7]_0
    SLICE_X41Y15         LUT6 (Prop_lut6_I1_O)        0.124    12.136 r  imem/reg_out[31]_i_6/O
                         net (fo=1, routed)           0.648    12.784    imem/reg_out[31]_i_6_n_0
    SLICE_X41Y15         LUT6 (Prop_lut6_I1_O)        0.124    12.908 f  imem/reg_out[31]_i_2/O
                         net (fo=24, routed)          0.966    13.875    cpu/pcpi_mul/reg_out_reg[31]
    SLICE_X38Y12         LUT5 (Prop_lut5_I0_O)        0.124    13.999 r  cpu/pcpi_mul/reg_out[12]_i_1/O
                         net (fo=1, routed)           0.000    13.999    cpu/reg_out[12]
    SLICE_X38Y12         FDSE                                         r  cpu/reg_out_reg[12]/D
  -------------------------------------------------------------------    -------------------

                         (clock clk_100m rise edge)
                                                     10.000    10.000 r  
    Y9                                                0.000    10.000 r  clk_100m (IN)
                         net (fo=0)                   0.000    10.000    clk_100m
    Y9                   IBUF (Prop_ibuf_I_O)         1.420    11.420 r  clk_100m_IBUF_inst/O
                         net (fo=1, routed)           1.972    13.392    clk_100m_IBUF
    BUFGCTRL_X0Y0        BUFG (Prop_bufg_I_O)         0.091    13.483 r  clk_100m_IBUF_BUFG_inst/O
                         net (fo=7344, routed)        1.488    14.971    cpu/clk_100m_IBUF_BUFG
    SLICE_X38Y12         FDSE                                         r  cpu/reg_out_reg[12]/C
                         clock pessimism              0.280    15.251    
                         clock uncertainty           -0.035    15.215    
    SLICE_X38Y12         FDSE (Setup_fdse_C_D)        0.077    15.292    cpu/reg_out_reg[12]
  -------------------------------------------------------------------
                         required time                         15.292    
                         arrival time                         -13.999    
  -------------------------------------------------------------------
                         slack                                  1.294    

Slack (MET) :             1.307ns  (required time - arrival time)
  Source:                 dmem/mem_reg_1_0_3/CLKBWRCLK
                            (rising edge-triggered cell RAMB36E1 clocked by clk_100m  {rise@0.000ns fall@5.000ns period=10.000ns})
  Destination:            cpu/reg_out_reg[11]/D
                            (rising edge-triggered cell FDSE clocked by clk_100m  {rise@0.000ns fall@5.000ns period=10.000ns})
  Path Group:             clk_100m
  Path Type:              Setup (Max at Slow Process Corner)
  Requirement:            10.000ns  (clk_100m rise@10.000ns - clk_100m rise@0.000ns)
  Data Path Delay:        8.414ns  (logic 3.793ns (45.080%)  route 4.621ns (54.920%))
  Logic Levels:           5  (LUT5=2 LUT6=2 RAMB36E1=1)
  Clock Path Skew:        -0.321ns (DCD - SCD + CPR)
    Destination Clock Delay (DCD):    4.972ns = ( 14.972 - 10.000 ) 
    Source Clock Delay      (SCD):    5.587ns
    Clock Pessimism Removal (CPR):    0.294ns
  Clock Uncertainty:      0.035ns  ((TSJ^2 + TIJ^2)^1/2 + DJ) / 2 + PE
    Total System Jitter     (TSJ):    0.071ns
    Total Input Jitter      (TIJ):    0.000ns
    Discrete Jitter          (DJ):    0.000ns
    Phase Error              (PE):    0.000ns

    Location             Delay type                Incr(ns)  Path(ns)    Netlist Resource(s)
  -------------------------------------------------------------------    -------------------
                         (clock clk_100m rise edge)
                                                      0.000     0.000 r  
    Y9                                                0.000     0.000 r  clk_100m (IN)
                         net (fo=0)                   0.000     0.000    clk_100m
    Y9                   IBUF (Prop_ibuf_I_O)         1.490     1.490 r  clk_100m_IBUF_inst/O
                         net (fo=1, routed)           2.171     3.661    clk_100m_IBUF
    BUFGCTRL_X0Y0        BUFG (Prop_bufg_I_O)         0.101     3.762 r  clk_100m_IBUF_BUFG_inst/O
                         net (fo=7344, routed)        1.824     5.587    dmem/clk_100m_IBUF_BUFG
    RAMB36_X5Y5          RAMB36E1                                     r  dmem/mem_reg_1_0_3/CLKBWRCLK
  -------------------------------------------------------------------    -------------------
    RAMB36_X5Y5          RAMB36E1 (Prop_ramb36e1_CLKBWRCLK_CASCADEOUTB)
                                                      2.872     8.459 r  dmem/mem_reg_1_0_3/CASCADEOUTB
                         net (fo=1, routed)           0.065     8.524    dmem/mem_reg_1_0_3_n_1
    RAMB36_X5Y6          RAMB36E1 (Prop_ramb36e1_CASCADEINB_DOBDO[0])
                                                      0.425     8.949 r  dmem/mem_reg_1_1_3/DOBDO[0]
                         net (fo=2, routed)           2.333    11.282    dmem/mem_reg_1_1_3_1[0]
    SLICE_X68Y15         LUT6 (Prop_lut6_I0_O)        0.124    11.406 r  dmem/mem_rdata_q[11]_i_2/O
                         net (fo=1, routed)           0.895    12.300    imem/mem_rdata_q_reg[11]
    SLICE_X51Y13         LUT5 (Prop_lut5_I3_O)        0.124    12.424 r  imem/mem_rdata_q[11]_i_1/O
                         net (fo=4, routed)           0.903    13.327    cpu/mem_rdata[11]
    SLICE_X39Y11         LUT6 (Prop_lut6_I2_O)        0.124    13.451 r  cpu/reg_out[11]_i_2/O
                         net (fo=1, routed)           0.425    13.877    cpu/pcpi_mul/reg_out_reg[11]
    SLICE_X38Y11         LUT5 (Prop_lut5_I1_O)        0.124    14.001 r  cpu/pcpi_mul/reg_out[11]_i_1/O
                         net (fo=1, routed)           0.000    14.001    cpu/reg_out[11]
    SLICE_X38Y11         FDSE                                         r  cpu/reg_out_reg[11]/D
  -------------------------------------------------------------------    -------------------

                         (clock clk_100m rise edge)
                                                     10.000    10.000 r  
    Y9                                                0.000    10.000 r  clk_100m (IN)
                         net (fo=0)                   0.000    10.000    clk_100m
    Y9                   IBUF (Prop_ibuf_I_O)         1.420    11.420 r  clk_100m_IBUF_inst/O
                         net (fo=1, routed)           1.972    13.392    clk_100m_IBUF
    BUFGCTRL_X0Y0        BUFG (Prop_bufg_I_O)         0.091    13.483 r  clk_100m_IBUF_BUFG_inst/O
                         net (fo=7344, routed)        1.489    14.972    cpu/clk_100m_IBUF_BUFG
    SLICE_X38Y11         FDSE                                         r  cpu/reg_out_reg[11]/C
                         clock pessimism              0.294    15.266    
                         clock uncertainty           -0.035    15.230    
    SLICE_X38Y11         FDSE (Setup_fdse_C_D)        0.077    15.307    cpu/reg_out_reg[11]
  -------------------------------------------------------------------
                         required time                         15.307    
                         arrival time                         -14.001    
  -------------------------------------------------------------------
                         slack                                  1.307    

Slack (MET) :             1.309ns  (required time - arrival time)
  Source:                 dmem/mem_reg_0_0_6/CLKBWRCLK
                            (rising edge-triggered cell RAMB36E1 clocked by clk_100m  {rise@0.000ns fall@5.000ns period=10.000ns})
  Destination:            cpu/is_alu_reg_imm_reg/D
                            (rising edge-triggered cell FDRE clocked by clk_100m  {rise@0.000ns fall@5.000ns period=10.000ns})
  Path Group:             clk_100m
  Path Type:              Setup (Max at Slow Process Corner)
  Requirement:            10.000ns  (clk_100m rise@10.000ns - clk_100m rise@0.000ns)
  Data Path Delay:        8.483ns  (logic 3.793ns (44.712%)  route 4.690ns (55.288%))
  Logic Levels:           5  (LUT4=1 LUT6=3 RAMB36E1=1)
  Clock Path Skew:        -0.203ns (DCD - SCD + CPR)
    Destination Clock Delay (DCD):    4.969ns = ( 14.969 - 10.000 ) 
    Source Clock Delay      (SCD):    5.452ns
    Clock Pessimism Removal (CPR):    0.280ns
  Clock Uncertainty:      0.035ns  ((TSJ^2 + TIJ^2)^1/2 + DJ) / 2 + PE
    Total System Jitter     (TSJ):    0.071ns
    Total Input Jitter      (TIJ):    0.000ns
    Discrete Jitter          (DJ):    0.000ns
    Phase Error              (PE):    0.000ns

    Location             Delay type                Incr(ns)  Path(ns)    Netlist Resource(s)
  -------------------------------------------------------------------    -------------------
                         (clock clk_100m rise edge)
                                                      0.000     0.000 r  
    Y9                                                0.000     0.000 r  clk_100m (IN)
                         net (fo=0)                   0.000     0.000    clk_100m
    Y9                   IBUF (Prop_ibuf_I_O)         1.490     1.490 r  clk_100m_IBUF_inst/O
                         net (fo=1, routed)           2.171     3.661    clk_100m_IBUF
    BUFGCTRL_X0Y0        BUFG (Prop_bufg_I_O)         0.101     3.762 r  clk_100m_IBUF_BUFG_inst/O
                         net (fo=7344, routed)        1.689     5.452    dmem/clk_100m_IBUF_BUFG
    RAMB36_X2Y13         RAMB36E1                                     r  dmem/mem_reg_0_0_6/CLKBWRCLK
  -------------------------------------------------------------------    -------------------
    RAMB36_X2Y13         RAMB36E1 (Prop_ramb36e1_CLKBWRCLK_CASCADEOUTB)
                                                      2.872     8.324 r  dmem/mem_reg_0_0_6/CASCADEOUTB
                         net (fo=1, routed)           0.065     8.389    dmem/mem_reg_0_0_6_n_1
    RAMB36_X2Y14         RAMB36E1 (Prop_ramb36e1_CASCADEINB_DOBDO[0])
                                                      0.425     8.814 f  dmem/mem_reg_0_1_6/DOBDO[0]
                         net (fo=2, routed)           2.635    11.449    dmem/mem_reg_0_1_6_1[0]
    SLICE_X45Y15         LUT6 (Prop_lut6_I0_O)        0.124    11.573 f  dmem/mem_rdata_q[6]_i_3/O
                         net (fo=2, routed)           0.491    12.064    imem/mem_rdata_q_reg[6]_0
    SLICE_X45Y13         LUT6 (Prop_lut6_I2_O)        0.124    12.188 f  imem/mem_rdata_q[6]_i_1/O
                         net (fo=3, routed)           0.830    13.018    imem/rdata_reg_1[5]
    SLICE_X44Y14         LUT6 (Prop_lut6_I0_O)        0.124    13.142 r  imem/instr_auipc_i_2/O
                         net (fo=6, routed)           0.669    13.811    imem/instr_auipc_i_2_n_0
    SLICE_X45Y14         LUT4 (Prop_lut4_I2_O)        0.124    13.935 r  imem/is_alu_reg_imm_i_1/O
                         net (fo=1, routed)           0.000    13.935    cpu/is_alu_reg_imm_reg_0
    SLICE_X45Y14         FDRE                                         r  cpu/is_alu_reg_imm_reg/D
  -------------------------------------------------------------------    -------------------

                         (clock clk_100m rise edge)
                                                     10.000    10.000 r  
    Y9                                                0.000    10.000 r  clk_100m (IN)
                         net (fo=0)                   0.000    10.000    clk_100m
    Y9                   IBUF (Prop_ibuf_I_O)         1.420    11.420 r  clk_100m_IBUF_inst/O
                         net (fo=1, routed)           1.972    13.392    clk_100m_IBUF
    BUFGCTRL_X0Y0        BUFG (Prop_bufg_I_O)         0.091    13.483 r  clk_100m_IBUF_BUFG_inst/O
                         net (fo=7344, routed)        1.486    14.969    cpu/clk_100m_IBUF_BUFG
    SLICE_X45Y14         FDRE                                         r  cpu/is_alu_reg_imm_reg/C
                         clock pessimism              0.280    15.249    
                         clock uncertainty           -0.035    15.213    
    SLICE_X45Y14         FDRE (Setup_fdre_C_D)        0.031    15.244    cpu/is_alu_reg_imm_reg
  -------------------------------------------------------------------
                         required time                         15.244    
                         arrival time                         -13.935    
  -------------------------------------------------------------------
                         slack                                  1.309    

Slack (MET) :             1.312ns  (required time - arrival time)
  Source:                 dmem/mem_reg_0_0_6/CLKBWRCLK
                            (rising edge-triggered cell RAMB36E1 clocked by clk_100m  {rise@0.000ns fall@5.000ns period=10.000ns})
  Destination:            cpu/instr_auipc_reg/D
                            (rising edge-triggered cell FDRE clocked by clk_100m  {rise@0.000ns fall@5.000ns period=10.000ns})
  Path Group:             clk_100m
  Path Type:              Setup (Max at Slow Process Corner)
  Requirement:            10.000ns  (clk_100m rise@10.000ns - clk_100m rise@0.000ns)
  Data Path Delay:        8.478ns  (logic 3.793ns (44.739%)  route 4.685ns (55.261%))
  Logic Levels:           5  (LUT4=1 LUT6=3 RAMB36E1=1)
  Clock Path Skew:        -0.203ns (DCD - SCD + CPR)
    Destination Clock Delay (DCD):    4.969ns = ( 14.969 - 10.000 ) 
    Source Clock Delay      (SCD):    5.452ns
    Clock Pessimism Removal (CPR):    0.280ns
  Clock Uncertainty:      0.035ns  ((TSJ^2 + TIJ^2)^1/2 + DJ) / 2 + PE
    Total System Jitter     (TSJ):    0.071ns
    Total Input Jitter      (TIJ):    0.000ns
    Discrete Jitter          (DJ):    0.000ns
    Phase Error              (PE):    0.000ns

    Location             Delay type                Incr(ns)  Path(ns)    Netlist Resource(s)
  -------------------------------------------------------------------    -------------------
                         (clock clk_100m rise edge)
                                                      0.000     0.000 r  
    Y9                                                0.000     0.000 r  clk_100m (IN)
                         net (fo=0)                   0.000     0.000    clk_100m
    Y9                   IBUF (Prop_ibuf_I_O)         1.490     1.490 r  clk_100m_IBUF_inst/O
                         net (fo=1, routed)           2.171     3.661    clk_100m_IBUF
    BUFGCTRL_X0Y0        BUFG (Prop_bufg_I_O)         0.101     3.762 r  clk_100m_IBUF_BUFG_inst/O
                         net (fo=7344, routed)        1.689     5.452    dmem/clk_100m_IBUF_BUFG
    RAMB36_X2Y13         RAMB36E1                                     r  dmem/mem_reg_0_0_6/CLKBWRCLK
  -------------------------------------------------------------------    -------------------
    RAMB36_X2Y13         RAMB36E1 (Prop_ramb36e1_CLKBWRCLK_CASCADEOUTB)
                                                      2.872     8.324 r  dmem/mem_reg_0_0_6/CASCADEOUTB
                         net (fo=1, routed)           0.065     8.389    dmem/mem_reg_0_0_6_n_1
    RAMB36_X2Y14         RAMB36E1 (Prop_ramb36e1_CASCADEINB_DOBDO[0])
                                                      0.425     8.814 f  dmem/mem_reg_0_1_6/DOBDO[0]
                         net (fo=2, routed)           2.635    11.449    dmem/mem_reg_0_1_6_1[0]
    SLICE_X45Y15         LUT6 (Prop_lut6_I0_O)        0.124    11.573 f  dmem/mem_rdata_q[6]_i_3/O
                         net (fo=2, routed)           0.491    12.064    imem/mem_rdata_q_reg[6]_0
    SLICE_X45Y13         LUT6 (Prop_lut6_I2_O)        0.124    12.188 f  imem/mem_rdata_q[6]_i_1/O
                         net (fo=3, routed)           0.830    13.018    imem/rdata_reg_1[5]
    SLICE_X44Y14         LUT6 (Prop_lut6_I0_O)        0.124    13.142 r  imem/instr_auipc_i_2/O
                         net (fo=6, routed)           0.664    13.806    imem/instr_auipc_i_2_n_0
    SLICE_X45Y14         LUT4 (Prop_lut4_I0_O)        0.124    13.930 r  imem/instr_auipc_i_1/O
                         net (fo=1, routed)           0.000    13.930    cpu/instr_auipc_reg_0
    SLICE_X45Y14         FDRE                                         r  cpu/instr_auipc_reg/D
  -------------------------------------------------------------------    -------------------

                         (clock clk_100m rise edge)
                                                     10.000    10.000 r  
    Y9                                                0.000    10.000 r  clk_100m (IN)
                         net (fo=0)                   0.000    10.000    clk_100m
    Y9                   IBUF (Prop_ibuf_I_O)         1.420    11.420 r  clk_100m_IBUF_inst/O
                         net (fo=1, routed)           1.972    13.392    clk_100m_IBUF
    BUFGCTRL_X0Y0        BUFG (Prop_bufg_I_O)         0.091    13.483 r  clk_100m_IBUF_BUFG_inst/O
                         net (fo=7344, routed)        1.486    14.969    cpu/clk_100m_IBUF_BUFG
    SLICE_X45Y14         FDRE                                         r  cpu/instr_auipc_reg/C
                         clock pessimism              0.280    15.249    
                         clock uncertainty           -0.035    15.213    
    SLICE_X45Y14         FDRE (Setup_fdre_C_D)        0.029    15.242    cpu/instr_auipc_reg
  -------------------------------------------------------------------
                         required time                         15.242    
                         arrival time                         -13.930    
  -------------------------------------------------------------------
                         slack                                  1.312    

Slack (MET) :             1.317ns  (required time - arrival time)
  Source:                 acc_wrap/fixed_ip/u_ws_datapath/u_weight_buffer/rd_data_reg[7]/C
                            (rising edge-triggered cell FDRE clocked by clk_100m  {rise@0.000ns fall@5.000ns period=10.000ns})
  Destination:            acc_wrap/fixed_ip/u_ws_datapath/u_systolic_array/pe26/weight_reg_reg[7]/D
                            (rising edge-triggered cell FDRE clocked by clk_100m  {rise@0.000ns fall@5.000ns period=10.000ns})
  Path Group:             clk_100m
  Path Type:              Setup (Max at Slow Process Corner)
  Requirement:            10.000ns  (clk_100m rise@10.000ns - clk_100m rise@0.000ns)
  Data Path Delay:        8.418ns  (logic 0.456ns (5.417%)  route 7.962ns (94.583%))
  Logic Levels:           0  
  Clock Path Skew:        -0.171ns (DCD - SCD + CPR)
    Destination Clock Delay (DCD):    5.023ns = ( 15.023 - 10.000 ) 
    Source Clock Delay      (SCD):    5.474ns
    Clock Pessimism Removal (CPR):    0.280ns
  Clock Uncertainty:      0.035ns  ((TSJ^2 + TIJ^2)^1/2 + DJ) / 2 + PE
    Total System Jitter     (TSJ):    0.071ns
    Total Input Jitter      (TIJ):    0.000ns
    Discrete Jitter          (DJ):    0.000ns
    Phase Error              (PE):    0.000ns

    Location             Delay type                Incr(ns)  Path(ns)    Netlist Resource(s)
  -------------------------------------------------------------------    -------------------
                         (clock clk_100m rise edge)
                                                      0.000     0.000 r  
    Y9                                                0.000     0.000 r  clk_100m (IN)
                         net (fo=0)                   0.000     0.000    clk_100m
    Y9                   IBUF (Prop_ibuf_I_O)         1.490     1.490 r  clk_100m_IBUF_inst/O
                         net (fo=1, routed)           2.171     3.661    clk_100m_IBUF
    BUFGCTRL_X0Y0        BUFG (Prop_bufg_I_O)         0.101     3.762 r  clk_100m_IBUF_BUFG_inst/O
                         net (fo=7344, routed)        1.712     5.474    acc_wrap/fixed_ip/u_ws_datapath/u_weight_buffer/clk_100m_IBUF_BUFG
    SLICE_X68Y23         FDRE                                         r  acc_wrap/fixed_ip/u_ws_datapath/u_weight_buffer/rd_data_reg[7]/C
  -------------------------------------------------------------------    -------------------
    SLICE_X68Y23         FDRE (Prop_fdre_C_Q)         0.456     5.930 r  acc_wrap/fixed_ip/u_ws_datapath/u_weight_buffer/rd_data_reg[7]/Q
                         net (fo=64, routed)          7.962    13.892    acc_wrap/fixed_ip/u_ws_datapath/u_systolic_array/pe26/weight_reg_reg[7]_1[7]
    SLICE_X83Y67         FDRE                                         r  acc_wrap/fixed_ip/u_ws_datapath/u_systolic_array/pe26/weight_reg_reg[7]/D
  -------------------------------------------------------------------    -------------------

                         (clock clk_100m rise edge)
                                                     10.000    10.000 r  
    Y9                                                0.000    10.000 r  clk_100m (IN)
                         net (fo=0)                   0.000    10.000    clk_100m
    Y9                   IBUF (Prop_ibuf_I_O)         1.420    11.420 r  clk_100m_IBUF_inst/O
                         net (fo=1, routed)           1.972    13.392    clk_100m_IBUF
    BUFGCTRL_X0Y0        BUFG (Prop_bufg_I_O)         0.091    13.483 r  clk_100m_IBUF_BUFG_inst/O
                         net (fo=7344, routed)        1.541    15.023    acc_wrap/fixed_ip/u_ws_datapath/u_systolic_array/pe26/clk_100m_IBUF_BUFG
    SLICE_X83Y67         FDRE                                         r  acc_wrap/fixed_ip/u_ws_datapath/u_systolic_array/pe26/weight_reg_reg[7]/C
                         clock pessimism              0.280    15.303    
                         clock uncertainty           -0.035    15.268    
    SLICE_X83Y67         FDRE (Setup_fdre_C_D)       -0.058    15.210    acc_wrap/fixed_ip/u_ws_datapath/u_systolic_array/pe26/weight_reg_reg[7]
  -------------------------------------------------------------------
                         required time                         15.210    
                         arrival time                         -13.892    
  -------------------------------------------------------------------
                         slack                                  1.317    

Slack (MET) :             1.325ns  (required time - arrival time)
  Source:                 dmem/mem_reg_0_0_6/CLKBWRCLK
                            (rising edge-triggered cell RAMB36E1 clocked by clk_100m  {rise@0.000ns fall@5.000ns period=10.000ns})
  Destination:            cpu/is_lb_lh_lw_lbu_lhu_reg/D
                            (rising edge-triggered cell FDRE clocked by clk_100m  {rise@0.000ns fall@5.000ns period=10.000ns})
  Path Group:             clk_100m
  Path Type:              Setup (Max at Slow Process Corner)
  Requirement:            10.000ns  (clk_100m rise@10.000ns - clk_100m rise@0.000ns)
  Data Path Delay:        8.511ns  (logic 3.821ns (44.894%)  route 4.690ns (55.106%))
  Logic Levels:           5  (LUT4=1 LUT6=3 RAMB36E1=1)
  Clock Path Skew:        -0.203ns (DCD - SCD + CPR)
    Destination Clock Delay (DCD):    4.969ns = ( 14.969 - 10.000 ) 
    Source Clock Delay      (SCD):    5.452ns
    Clock Pessimism Removal (CPR):    0.280ns
  Clock Uncertainty:      0.035ns  ((TSJ^2 + TIJ^2)^1/2 + DJ) / 2 + PE
    Total System Jitter     (TSJ):    0.071ns
    Total Input Jitter      (TIJ):    0.000ns
    Discrete Jitter          (DJ):    0.000ns
    Phase Error              (PE):    0.000ns

    Location             Delay type                Incr(ns)  Path(ns)    Netlist Resource(s)
  -------------------------------------------------------------------    -------------------
                         (clock clk_100m rise edge)
                                                      0.000     0.000 r  
    Y9                                                0.000     0.000 r  clk_100m (IN)
                         net (fo=0)                   0.000     0.000    clk_100m
    Y9                   IBUF (Prop_ibuf_I_O)         1.490     1.490 r  clk_100m_IBUF_inst/O
                         net (fo=1, routed)           2.171     3.661    clk_100m_IBUF
    BUFGCTRL_X0Y0        BUFG (Prop_bufg_I_O)         0.101     3.762 r  clk_100m_IBUF_BUFG_inst/O
                         net (fo=7344, routed)        1.689     5.452    dmem/clk_100m_IBUF_BUFG
    RAMB36_X2Y13         RAMB36E1                                     r  dmem/mem_reg_0_0_6/CLKBWRCLK
  -------------------------------------------------------------------    -------------------
    RAMB36_X2Y13         RAMB36E1 (Prop_ramb36e1_CLKBWRCLK_CASCADEOUTB)
                                                      2.872     8.324 r  dmem/mem_reg_0_0_6/CASCADEOUTB
                         net (fo=1, routed)           0.065     8.389    dmem/mem_reg_0_0_6_n_1
    RAMB36_X2Y14         RAMB36E1 (Prop_ramb36e1_CASCADEINB_DOBDO[0])
                                                      0.425     8.814 f  dmem/mem_reg_0_1_6/DOBDO[0]
                         net (fo=2, routed)           2.635    11.449    dmem/mem_reg_0_1_6_1[0]
    SLICE_X45Y15         LUT6 (Prop_lut6_I0_O)        0.124    11.573 f  dmem/mem_rdata_q[6]_i_3/O
                         net (fo=2, routed)           0.491    12.064    imem/mem_rdata_q_reg[6]_0
    SLICE_X45Y13         LUT6 (Prop_lut6_I2_O)        0.124    12.188 f  imem/mem_rdata_q[6]_i_1/O
                         net (fo=3, routed)           0.830    13.018    imem/rdata_reg_1[5]
    SLICE_X44Y14         LUT6 (Prop_lut6_I0_O)        0.124    13.142 r  imem/instr_auipc_i_2/O
                         net (fo=6, routed)           0.669    13.811    imem/instr_auipc_i_2_n_0
    SLICE_X45Y14         LUT4 (Prop_lut4_I2_O)        0.152    13.963 r  imem/is_lb_lh_lw_lbu_lhu_i_1/O
                         net (fo=1, routed)           0.000    13.963    cpu/is_lb_lh_lw_lbu_lhu_reg_0
    SLICE_X45Y14         FDRE                                         r  cpu/is_lb_lh_lw_lbu_lhu_reg/D
  -------------------------------------------------------------------    -------------------

                         (clock clk_100m rise edge)
                                                     10.000    10.000 r  
    Y9                                                0.000    10.000 r  clk_100m (IN)
                         net (fo=0)                   0.000    10.000    clk_100m
    Y9                   IBUF (Prop_ibuf_I_O)         1.420    11.420 r  clk_100m_IBUF_inst/O
                         net (fo=1, routed)           1.972    13.392    clk_100m_IBUF
    BUFGCTRL_X0Y0        BUFG (Prop_bufg_I_O)         0.091    13.483 r  clk_100m_IBUF_BUFG_inst/O
                         net (fo=7344, routed)        1.486    14.969    cpu/clk_100m_IBUF_BUFG
    SLICE_X45Y14         FDRE                                         r  cpu/is_lb_lh_lw_lbu_lhu_reg/C
                         clock pessimism              0.280    15.249    
                         clock uncertainty           -0.035    15.213    
    SLICE_X45Y14         FDRE (Setup_fdre_C_D)        0.075    15.288    cpu/is_lb_lh_lw_lbu_lhu_reg
  -------------------------------------------------------------------
                         required time                         15.288    
                         arrival time                         -13.963    
  -------------------------------------------------------------------
                         slack                                  1.325    

Slack (MET) :             1.332ns  (required time - arrival time)
  Source:                 dmem/mem_reg_0_0_6/CLKBWRCLK
                            (rising edge-triggered cell RAMB36E1 clocked by clk_100m  {rise@0.000ns fall@5.000ns period=10.000ns})
  Destination:            cpu/instr_lui_reg/D
                            (rising edge-triggered cell FDRE clocked by clk_100m  {rise@0.000ns fall@5.000ns period=10.000ns})
  Path Group:             clk_100m
  Path Type:              Setup (Max at Slow Process Corner)
  Requirement:            10.000ns  (clk_100m rise@10.000ns - clk_100m rise@0.000ns)
  Data Path Delay:        8.504ns  (logic 3.819ns (44.908%)  route 4.685ns (55.092%))
  Logic Levels:           5  (LUT4=1 LUT6=3 RAMB36E1=1)
  Clock Path Skew:        -0.203ns (DCD - SCD + CPR)
    Destination Clock Delay (DCD):    4.969ns = ( 14.969 - 10.000 ) 
    Source Clock Delay      (SCD):    5.452ns
    Clock Pessimism Removal (CPR):    0.280ns
  Clock Uncertainty:      0.035ns  ((TSJ^2 + TIJ^2)^1/2 + DJ) / 2 + PE
    Total System Jitter     (TSJ):    0.071ns
    Total Input Jitter      (TIJ):    0.000ns
    Discrete Jitter          (DJ):    0.000ns
    Phase Error              (PE):    0.000ns

    Location             Delay type                Incr(ns)  Path(ns)    Netlist Resource(s)
  -------------------------------------------------------------------    -------------------
                         (clock clk_100m rise edge)
                                                      0.000     0.000 r  
    Y9                                                0.000     0.000 r  clk_100m (IN)
                         net (fo=0)                   0.000     0.000    clk_100m
    Y9                   IBUF (Prop_ibuf_I_O)         1.490     1.490 r  clk_100m_IBUF_inst/O
                         net (fo=1, routed)           2.171     3.661    clk_100m_IBUF
    BUFGCTRL_X0Y0        BUFG (Prop_bufg_I_O)         0.101     3.762 r  clk_100m_IBUF_BUFG_inst/O
                         net (fo=7344, routed)        1.689     5.452    dmem/clk_100m_IBUF_BUFG
    RAMB36_X2Y13         RAMB36E1                                     r  dmem/mem_reg_0_0_6/CLKBWRCLK
  -------------------------------------------------------------------    -------------------
    RAMB36_X2Y13         RAMB36E1 (Prop_ramb36e1_CLKBWRCLK_CASCADEOUTB)
                                                      2.872     8.324 r  dmem/mem_reg_0_0_6/CASCADEOUTB
                         net (fo=1, routed)           0.065     8.389    dmem/mem_reg_0_0_6_n_1
    RAMB36_X2Y14         RAMB36E1 (Prop_ramb36e1_CASCADEINB_DOBDO[0])
                                                      0.425     8.814 f  dmem/mem_reg_0_1_6/DOBDO[0]
                         net (fo=2, routed)           2.635    11.449    dmem/mem_reg_0_1_6_1[0]
    SLICE_X45Y15         LUT6 (Prop_lut6_I0_O)        0.124    11.573 f  dmem/mem_rdata_q[6]_i_3/O
                         net (fo=2, routed)           0.491    12.064    imem/mem_rdata_q_reg[6]_0
    SLICE_X45Y13         LUT6 (Prop_lut6_I2_O)        0.124    12.188 f  imem/mem_rdata_q[6]_i_1/O
                         net (fo=3, routed)           0.830    13.018    imem/rdata_reg_1[5]
    SLICE_X44Y14         LUT6 (Prop_lut6_I0_O)        0.124    13.142 r  imem/instr_auipc_i_2/O
                         net (fo=6, routed)           0.664    13.806    imem/instr_auipc_i_2_n_0
    SLICE_X45Y14         LUT4 (Prop_lut4_I2_O)        0.150    13.956 r  imem/instr_lui_i_1/O
                         net (fo=1, routed)           0.000    13.956    cpu/instr_lui_reg_0
    SLICE_X45Y14         FDRE                                         r  cpu/instr_lui_reg/D
  -------------------------------------------------------------------    -------------------

                         (clock clk_100m rise edge)
                                                     10.000    10.000 r  
    Y9                                                0.000    10.000 r  clk_100m (IN)
                         net (fo=0)                   0.000    10.000    clk_100m
    Y9                   IBUF (Prop_ibuf_I_O)         1.420    11.420 r  clk_100m_IBUF_inst/O
                         net (fo=1, routed)           1.972    13.392    clk_100m_IBUF
    BUFGCTRL_X0Y0        BUFG (Prop_bufg_I_O)         0.091    13.483 r  clk_100m_IBUF_BUFG_inst/O
                         net (fo=7344, routed)        1.486    14.969    cpu/clk_100m_IBUF_BUFG
    SLICE_X45Y14         FDRE                                         r  cpu/instr_lui_reg/C
                         clock pessimism              0.280    15.249    
                         clock uncertainty           -0.035    15.213    
    SLICE_X45Y14         FDRE (Setup_fdre_C_D)        0.075    15.288    cpu/instr_lui_reg
  -------------------------------------------------------------------
                         required time                         15.288    
                         arrival time                         -13.956    
  -------------------------------------------------------------------
                         slack                                  1.332    





Min Delay Paths
--------------------------------------------------------------------------------------
Slack (MET) :             0.054ns  (arrival time - required time)
  Source:                 acc_wrap/fixed_ip/u_ws_datapath/u_systolic_array/pe43/act_out_reg[0]/C
                            (rising edge-triggered cell FDRE clocked by clk_100m  {rise@0.000ns fall@5.000ns period=10.000ns})
  Destination:            acc_wrap/fixed_ip/u_ws_datapath/u_systolic_array/pe44/act_out_reg[0]/D
                            (rising edge-triggered cell FDRE clocked by clk_100m  {rise@0.000ns fall@5.000ns period=10.000ns})
  Path Group:             clk_100m
  Path Type:              Hold (Min at Fast Process Corner)
  Requirement:            0.000ns  (clk_100m rise@0.000ns - clk_100m rise@0.000ns)
  Data Path Delay:        0.390ns  (logic 0.141ns (36.117%)  route 0.249ns (63.883%))
  Logic Levels:           0  
  Clock Path Skew:        0.266ns (DCD - SCD - CPR)
    Destination Clock Delay (DCD):    2.044ns
    Source Clock Delay      (SCD):    1.531ns
    Clock Pessimism Removal (CPR):    0.247ns

    Location             Delay type                Incr(ns)  Path(ns)    Netlist Resource(s)
  -------------------------------------------------------------------    -------------------
                         (clock clk_100m rise edge)
                                                      0.000     0.000 r  
    Y9                                                0.000     0.000 r  clk_100m (IN)
                         net (fo=0)                   0.000     0.000    clk_100m
    Y9                   IBUF (Prop_ibuf_I_O)         0.258     0.258 r  clk_100m_IBUF_inst/O
                         net (fo=1, routed)           0.663     0.921    clk_100m_IBUF
    BUFGCTRL_X0Y0        BUFG (Prop_bufg_I_O)         0.026     0.947 r  clk_100m_IBUF_BUFG_inst/O
                         net (fo=7344, routed)        0.584     1.531    acc_wrap/fixed_ip/u_ws_datapath/u_systolic_array/pe43/clk_100m_IBUF_BUFG
    SLICE_X64Y49         FDRE                                         r  acc_wrap/fixed_ip/u_ws_datapath/u_systolic_array/pe43/act_out_reg[0]/C
  -------------------------------------------------------------------    -------------------
    SLICE_X64Y49         FDRE (Prop_fdre_C_Q)         0.141     1.672 r  acc_wrap/fixed_ip/u_ws_datapath/u_systolic_array/pe43/act_out_reg[0]/Q
                         net (fo=14, routed)          0.249     1.921    acc_wrap/fixed_ip/u_ws_datapath/u_systolic_array/pe44/act_out_reg[7]_1[0]
    SLICE_X65Y54         FDRE                                         r  acc_wrap/fixed_ip/u_ws_datapath/u_systolic_array/pe44/act_out_reg[0]/D
  -------------------------------------------------------------------    -------------------

                         (clock clk_100m rise edge)
                                                      0.000     0.000 r  
    Y9                                                0.000     0.000 r  clk_100m (IN)
                         net (fo=0)                   0.000     0.000    clk_100m
    Y9                   IBUF (Prop_ibuf_I_O)         0.446     0.446 r  clk_100m_IBUF_inst/O
                         net (fo=1, routed)           0.719     1.165    clk_100m_IBUF
    BUFGCTRL_X0Y0        BUFG (Prop_bufg_I_O)         0.029     1.194 r  clk_100m_IBUF_BUFG_inst/O
                         net (fo=7344, routed)        0.850     2.044    acc_wrap/fixed_ip/u_ws_datapath/u_systolic_array/pe44/clk_100m_IBUF_BUFG
    SLICE_X65Y54         FDRE                                         r  acc_wrap/fixed_ip/u_ws_datapath/u_systolic_array/pe44/act_out_reg[0]/C
                         clock pessimism             -0.247     1.797    
    SLICE_X65Y54         FDRE (Hold_fdre_C_D)         0.070     1.867    acc_wrap/fixed_ip/u_ws_datapath/u_systolic_array/pe44/act_out_reg[0]
  -------------------------------------------------------------------
                         required time                         -1.867    
                         arrival time                           1.921    
  -------------------------------------------------------------------
                         slack                                  0.054    

Slack (MET) :             0.055ns  (arrival time - required time)
  Source:                 acc_wrap/fixed_ip/u_ws_datapath/u_systolic_array/pe72/psum_out_reg[19]/C
                            (rising edge-triggered cell FDRE clocked by clk_100m  {rise@0.000ns fall@5.000ns period=10.000ns})
  Destination:            acc_wrap/fixed_ip/u_ws_datapath/u_output_buffer/bank2_reg[2][19]/D
                            (rising edge-triggered cell FDRE clocked by clk_100m  {rise@0.000ns fall@5.000ns period=10.000ns})
  Path Group:             clk_100m
  Path Type:              Hold (Min at Fast Process Corner)
  Requirement:            0.000ns  (clk_100m rise@0.000ns - clk_100m rise@0.000ns)
  Data Path Delay:        0.372ns  (logic 0.164ns (44.039%)  route 0.208ns (55.961%))
  Logic Levels:           0  
  Clock Path Skew:        0.265ns (DCD - SCD - CPR)
    Destination Clock Delay (DCD):    2.020ns
    Source Clock Delay      (SCD):    1.508ns
    Clock Pessimism Removal (CPR):    0.247ns

    Location             Delay type                Incr(ns)  Path(ns)    Netlist Resource(s)
  -------------------------------------------------------------------    -------------------
                         (clock clk_100m rise edge)
                                                      0.000     0.000 r  
    Y9                                                0.000     0.000 r  clk_100m (IN)
                         net (fo=0)                   0.000     0.000    clk_100m
    Y9                   IBUF (Prop_ibuf_I_O)         0.258     0.258 r  clk_100m_IBUF_inst/O
                         net (fo=1, routed)           0.663     0.921    clk_100m_IBUF
    BUFGCTRL_X0Y0        BUFG (Prop_bufg_I_O)         0.026     0.947 r  clk_100m_IBUF_BUFG_inst/O
                         net (fo=7344, routed)        0.561     1.508    acc_wrap/fixed_ip/u_ws_datapath/u_systolic_array/pe72/clk_100m_IBUF_BUFG
    SLICE_X42Y49         FDRE                                         r  acc_wrap/fixed_ip/u_ws_datapath/u_systolic_array/pe72/psum_out_reg[19]/C
  -------------------------------------------------------------------    -------------------
    SLICE_X42Y49         FDRE (Prop_fdre_C_Q)         0.164     1.672 r  acc_wrap/fixed_ip/u_ws_datapath/u_systolic_array/pe72/psum_out_reg[19]/Q
                         net (fo=8, routed)           0.208     1.880    acc_wrap/fixed_ip/u_ws_datapath/u_output_buffer/bank2_reg[0][27]_0[19]
    SLICE_X36Y53         FDRE                                         r  acc_wrap/fixed_ip/u_ws_datapath/u_output_buffer/bank2_reg[2][19]/D
  -------------------------------------------------------------------    -------------------

                         (clock clk_100m rise edge)
                                                      0.000     0.000 r  
    Y9                                                0.000     0.000 r  clk_100m (IN)
                         net (fo=0)                   0.000     0.000    clk_100m
    Y9                   IBUF (Prop_ibuf_I_O)         0.446     0.446 r  clk_100m_IBUF_inst/O
                         net (fo=1, routed)           0.719     1.165    clk_100m_IBUF
    BUFGCTRL_X0Y0        BUFG (Prop_bufg_I_O)         0.029     1.194 r  clk_100m_IBUF_BUFG_inst/O
                         net (fo=7344, routed)        0.826     2.020    acc_wrap/fixed_ip/u_ws_datapath/u_output_buffer/clk_100m_IBUF_BUFG
    SLICE_X36Y53         FDRE                                         r  acc_wrap/fixed_ip/u_ws_datapath/u_output_buffer/bank2_reg[2][19]/C
                         clock pessimism             -0.247     1.773    
    SLICE_X36Y53         FDRE (Hold_fdre_C_D)         0.052     1.825    acc_wrap/fixed_ip/u_ws_datapath/u_output_buffer/bank2_reg[2][19]
  -------------------------------------------------------------------
                         required time                         -1.825    
                         arrival time                           1.880    
  -------------------------------------------------------------------
                         slack                                  0.055    

Slack (MET) :             0.058ns  (arrival time - required time)
  Source:                 acc_wrap/fixed_ip/u_ws_datapath/u_systolic_array/pe04/psum_out_reg[2]/C
                            (rising edge-triggered cell FDRE clocked by clk_100m  {rise@0.000ns fall@5.000ns period=10.000ns})
  Destination:            acc_wrap/fixed_ip/u_ws_datapath/u_systolic_array/pe14/psum_out_reg[2]/D
                            (rising edge-triggered cell FDRE clocked by clk_100m  {rise@0.000ns fall@5.000ns period=10.000ns})
  Path Group:             clk_100m
  Path Type:              Hold (Min at Fast Process Corner)
  Requirement:            0.000ns  (clk_100m rise@0.000ns - clk_100m rise@0.000ns)
  Data Path Delay:        0.461ns  (logic 0.274ns (59.473%)  route 0.187ns (40.527%))
  Logic Levels:           2  (CARRY4=1 LUT2=1)
  Clock Path Skew:        0.268ns (DCD - SCD - CPR)
    Destination Clock Delay (DCD):    2.073ns
    Source Clock Delay      (SCD):    1.558ns
    Clock Pessimism Removal (CPR):    0.247ns

    Location             Delay type                Incr(ns)  Path(ns)    Netlist Resource(s)
  -------------------------------------------------------------------    -------------------
                         (clock clk_100m rise edge)
                                                      0.000     0.000 r  
    Y9                                                0.000     0.000 r  clk_100m (IN)
                         net (fo=0)                   0.000     0.000    clk_100m
    Y9                   IBUF (Prop_ibuf_I_O)         0.258     0.258 r  clk_100m_IBUF_inst/O
                         net (fo=1, routed)           0.663     0.921    clk_100m_IBUF
    BUFGCTRL_X0Y0        BUFG (Prop_bufg_I_O)         0.026     0.947 r  clk_100m_IBUF_BUFG_inst/O
                         net (fo=7344, routed)        0.611     1.558    acc_wrap/fixed_ip/u_ws_datapath/u_systolic_array/pe04/clk_100m_IBUF_BUFG
    SLICE_X92Y48         FDRE                                         r  acc_wrap/fixed_ip/u_ws_datapath/u_systolic_array/pe04/psum_out_reg[2]/C
  -------------------------------------------------------------------    -------------------
    SLICE_X92Y48         FDRE (Prop_fdre_C_Q)         0.164     1.722 r  acc_wrap/fixed_ip/u_ws_datapath/u_systolic_array/pe04/psum_out_reg[2]/Q
                         net (fo=2, routed)           0.187     1.909    acc_wrap/fixed_ip/u_ws_datapath/u_systolic_array/pe04/psum_out_reg[15]_0[2]
    SLICE_X90Y51         LUT2 (Prop_lut2_I0_O)        0.045     1.954 r  acc_wrap/fixed_ip/u_ws_datapath/u_systolic_array/pe04/psum_out0_carry_i_2__33/O
                         net (fo=1, routed)           0.000     1.954    acc_wrap/fixed_ip/u_ws_datapath/u_systolic_array/pe14/psum_out_reg[3]_1[2]
    SLICE_X90Y51         CARRY4 (Prop_carry4_S[2]_O[2])
                                                      0.065     2.019 r  acc_wrap/fixed_ip/u_ws_datapath/u_systolic_array/pe14/psum_out0_carry/O[2]
                         net (fo=1, routed)           0.000     2.019    acc_wrap/fixed_ip/u_ws_datapath/u_systolic_array/pe14/psum_out0_carry_n_5
    SLICE_X90Y51         FDRE                                         r  acc_wrap/fixed_ip/u_ws_datapath/u_systolic_array/pe14/psum_out_reg[2]/D
  -------------------------------------------------------------------    -------------------

                         (clock clk_100m rise edge)
                                                      0.000     0.000 r  
    Y9                                                0.000     0.000 r  clk_100m (IN)
                         net (fo=0)                   0.000     0.000    clk_100m
    Y9                   IBUF (Prop_ibuf_I_O)         0.446     0.446 r  clk_100m_IBUF_inst/O
                         net (fo=1, routed)           0.719     1.165    clk_100m_IBUF
    BUFGCTRL_X0Y0        BUFG (Prop_bufg_I_O)         0.029     1.194 r  clk_100m_IBUF_BUFG_inst/O
                         net (fo=7344, routed)        0.879     2.073    acc_wrap/fixed_ip/u_ws_datapath/u_systolic_array/pe14/clk_100m_IBUF_BUFG
    SLICE_X90Y51         FDRE                                         r  acc_wrap/fixed_ip/u_ws_datapath/u_systolic_array/pe14/psum_out_reg[2]/C
                         clock pessimism             -0.247     1.826    
    SLICE_X90Y51         FDRE (Hold_fdre_C_D)         0.134     1.960    acc_wrap/fixed_ip/u_ws_datapath/u_systolic_array/pe14/psum_out_reg[2]
  -------------------------------------------------------------------
                         required time                         -1.960    
                         arrival time                           2.019    
  -------------------------------------------------------------------
                         slack                                  0.058    

Slack (MET) :             0.065ns  (arrival time - required time)
  Source:                 acc_wrap/fixed_ip/u_ws_datapath/u_systolic_array/pe72/psum_out_reg[19]/C
                            (rising edge-triggered cell FDRE clocked by clk_100m  {rise@0.000ns fall@5.000ns period=10.000ns})
  Destination:            acc_wrap/fixed_ip/u_ws_datapath/u_output_buffer/bank2_reg[3][19]/D
                            (rising edge-triggered cell FDRE clocked by clk_100m  {rise@0.000ns fall@5.000ns period=10.000ns})
  Path Group:             clk_100m
  Path Type:              Hold (Min at Fast Process Corner)
  Requirement:            0.000ns  (clk_100m rise@0.000ns - clk_100m rise@0.000ns)
  Data Path Delay:        0.378ns  (logic 0.164ns (43.408%)  route 0.214ns (56.592%))
  Logic Levels:           0  
  Clock Path Skew:        0.265ns (DCD - SCD - CPR)
    Destination Clock Delay (DCD):    2.020ns
    Source Clock Delay      (SCD):    1.508ns
    Clock Pessimism Removal (CPR):    0.247ns

    Location             Delay type                Incr(ns)  Path(ns)    Netlist Resource(s)
  -------------------------------------------------------------------    -------------------
                         (clock clk_100m rise edge)
                                                      0.000     0.000 r  
    Y9                                                0.000     0.000 r  clk_100m (IN)
                         net (fo=0)                   0.000     0.000    clk_100m
    Y9                   IBUF (Prop_ibuf_I_O)         0.258     0.258 r  clk_100m_IBUF_inst/O
                         net (fo=1, routed)           0.663     0.921    clk_100m_IBUF
    BUFGCTRL_X0Y0        BUFG (Prop_bufg_I_O)         0.026     0.947 r  clk_100m_IBUF_BUFG_inst/O
                         net (fo=7344, routed)        0.561     1.508    acc_wrap/fixed_ip/u_ws_datapath/u_systolic_array/pe72/clk_100m_IBUF_BUFG
    SLICE_X42Y49         FDRE                                         r  acc_wrap/fixed_ip/u_ws_datapath/u_systolic_array/pe72/psum_out_reg[19]/C
  -------------------------------------------------------------------    -------------------
    SLICE_X42Y49         FDRE (Prop_fdre_C_Q)         0.164     1.672 r  acc_wrap/fixed_ip/u_ws_datapath/u_systolic_array/pe72/psum_out_reg[19]/Q
                         net (fo=8, routed)           0.214     1.886    acc_wrap/fixed_ip/u_ws_datapath/u_output_buffer/bank2_reg[0][27]_0[19]
    SLICE_X37Y54         FDRE                                         r  acc_wrap/fixed_ip/u_ws_datapath/u_output_buffer/bank2_reg[3][19]/D
  -------------------------------------------------------------------    -------------------

                         (clock clk_100m rise edge)
                                                      0.000     0.000 r  
    Y9                                                0.000     0.000 r  clk_100m (IN)
                         net (fo=0)                   0.000     0.000    clk_100m
    Y9                   IBUF (Prop_ibuf_I_O)         0.446     0.446 r  clk_100m_IBUF_inst/O
                         net (fo=1, routed)           0.719     1.165    clk_100m_IBUF
    BUFGCTRL_X0Y0        BUFG (Prop_bufg_I_O)         0.029     1.194 r  clk_100m_IBUF_BUFG_inst/O
                         net (fo=7344, routed)        0.826     2.020    acc_wrap/fixed_ip/u_ws_datapath/u_output_buffer/clk_100m_IBUF_BUFG
    SLICE_X37Y54         FDRE                                         r  acc_wrap/fixed_ip/u_ws_datapath/u_output_buffer/bank2_reg[3][19]/C
                         clock pessimism             -0.247     1.773    
    SLICE_X37Y54         FDRE (Hold_fdre_C_D)         0.047     1.820    acc_wrap/fixed_ip/u_ws_datapath/u_output_buffer/bank2_reg[3][19]
  -------------------------------------------------------------------
                         required time                         -1.820    
                         arrival time                           1.886    
  -------------------------------------------------------------------
                         slack                                  0.065    

Slack (MET) :             0.066ns  (arrival time - required time)
  Source:                 acc_wrap/fixed_ip/u_ws_datapath/u_systolic_array/pe63/psum_out_reg[10]/C
                            (rising edge-triggered cell FDRE clocked by clk_100m  {rise@0.000ns fall@5.000ns period=10.000ns})
  Destination:            acc_wrap/fixed_ip/u_ws_datapath/u_systolic_array/pe73/psum_out_reg[16]/D
                            (rising edge-triggered cell FDRE clocked by clk_100m  {rise@0.000ns fall@5.000ns period=10.000ns})
  Path Group:             clk_100m
  Path Type:              Hold (Min at Fast Process Corner)
  Requirement:            0.000ns  (clk_100m rise@0.000ns - clk_100m rise@0.000ns)
  Data Path Delay:        0.467ns  (logic 0.353ns (75.656%)  route 0.114ns (24.344%))
  Logic Levels:           3  (CARRY4=3)
  Clock Path Skew:        0.266ns (DCD - SCD - CPR)
    Destination Clock Delay (DCD):    2.017ns
    Source Clock Delay      (SCD):    1.504ns
    Clock Pessimism Removal (CPR):    0.247ns

    Location             Delay type                Incr(ns)  Path(ns)    Netlist Resource(s)
  -------------------------------------------------------------------    -------------------
                         (clock clk_100m rise edge)
                                                      0.000     0.000 r  
    Y9                                                0.000     0.000 r  clk_100m (IN)
                         net (fo=0)                   0.000     0.000    clk_100m
    Y9                   IBUF (Prop_ibuf_I_O)         0.258     0.258 r  clk_100m_IBUF_inst/O
                         net (fo=1, routed)           0.663     0.921    clk_100m_IBUF
    BUFGCTRL_X0Y0        BUFG (Prop_bufg_I_O)         0.026     0.947 r  clk_100m_IBUF_BUFG_inst/O
                         net (fo=7344, routed)        0.557     1.504    acc_wrap/fixed_ip/u_ws_datapath/u_systolic_array/pe63/clk_100m_IBUF_BUFG
    SLICE_X52Y48         FDRE                                         r  acc_wrap/fixed_ip/u_ws_datapath/u_systolic_array/pe63/psum_out_reg[10]/C
  -------------------------------------------------------------------    -------------------
    SLICE_X52Y48         FDRE (Prop_fdre_C_Q)         0.141     1.645 r  acc_wrap/fixed_ip/u_ws_datapath/u_systolic_array/pe63/psum_out_reg[10]/Q
                         net (fo=2, routed)           0.113     1.758    acc_wrap/fixed_ip/u_ws_datapath/u_systolic_array/pe73/psum_out_reg[27]_1[10]
    SLICE_X50Y48         CARRY4 (Prop_carry4_DI[2]_CO[3])
                                                      0.119     1.877 r  acc_wrap/fixed_ip/u_ws_datapath/u_systolic_array/pe73/psum_out0_carry__1/CO[3]
                         net (fo=1, routed)           0.000     1.877    acc_wrap/fixed_ip/u_ws_datapath/u_systolic_array/pe73/psum_out0_carry__1_n_0
    SLICE_X50Y49         CARRY4 (Prop_carry4_CI_CO[3])
                                                      0.040     1.917 r  acc_wrap/fixed_ip/u_ws_datapath/u_systolic_array/pe73/psum_out0_carry__2/CO[3]
                         net (fo=1, routed)           0.001     1.917    acc_wrap/fixed_ip/u_ws_datapath/u_systolic_array/pe73/psum_out0_carry__2_n_0
    SLICE_X50Y50         CARRY4 (Prop_carry4_CI_O[0])
                                                      0.053     1.970 r  acc_wrap/fixed_ip/u_ws_datapath/u_systolic_array/pe73/psum_out0_carry__3/O[0]
                         net (fo=1, routed)           0.000     1.970    acc_wrap/fixed_ip/u_ws_datapath/u_systolic_array/pe73/psum_out0_carry__3_n_7
    SLICE_X50Y50         FDRE                                         r  acc_wrap/fixed_ip/u_ws_datapath/u_systolic_array/pe73/psum_out_reg[16]/D
  -------------------------------------------------------------------    -------------------

                         (clock clk_100m rise edge)
                                                      0.000     0.000 r  
    Y9                                                0.000     0.000 r  clk_100m (IN)
                         net (fo=0)                   0.000     0.000    clk_100m
    Y9                   IBUF (Prop_ibuf_I_O)         0.446     0.446 r  clk_100m_IBUF_inst/O
                         net (fo=1, routed)           0.719     1.165    clk_100m_IBUF
    BUFGCTRL_X0Y0        BUFG (Prop_bufg_I_O)         0.029     1.194 r  clk_100m_IBUF_BUFG_inst/O
                         net (fo=7344, routed)        0.823     2.017    acc_wrap/fixed_ip/u_ws_datapath/u_systolic_array/pe73/clk_100m_IBUF_BUFG
    SLICE_X50Y50         FDRE                                         r  acc_wrap/fixed_ip/u_ws_datapath/u_systolic_array/pe73/psum_out_reg[16]/C
                         clock pessimism             -0.247     1.770    
    SLICE_X50Y50         FDRE (Hold_fdre_C_D)         0.134     1.904    acc_wrap/fixed_ip/u_ws_datapath/u_systolic_array/pe73/psum_out_reg[16]
  -------------------------------------------------------------------
                         required time                         -1.904    
                         arrival time                           1.970    
  -------------------------------------------------------------------
                         slack                                  0.066    

Slack (MET) :             0.069ns  (arrival time - required time)
  Source:                 acc_wrap/fixed_ip/u_ws_datapath/u_systolic_array/pe72/psum_out_reg[16]/C
                            (rising edge-triggered cell FDRE clocked by clk_100m  {rise@0.000ns fall@5.000ns period=10.000ns})
  Destination:            acc_wrap/fixed_ip/u_ws_datapath/u_output_buffer/bank2_reg[6][16]/D
                            (rising edge-triggered cell FDRE clocked by clk_100m  {rise@0.000ns fall@5.000ns period=10.000ns})
  Path Group:             clk_100m
  Path Type:              Hold (Min at Fast Process Corner)
  Requirement:            0.000ns  (clk_100m rise@0.000ns - clk_100m rise@0.000ns)
  Data Path Delay:        0.404ns  (logic 0.164ns (40.600%)  route 0.240ns (59.400%))
  Logic Levels:           0  
  Clock Path Skew:        0.265ns (DCD - SCD - CPR)
    Destination Clock Delay (DCD):    2.020ns
    Source Clock Delay      (SCD):    1.508ns
    Clock Pessimism Removal (CPR):    0.247ns

    Location             Delay type                Incr(ns)  Path(ns)    Netlist Resource(s)
  -------------------------------------------------------------------    -------------------
                         (clock clk_100m rise edge)
                                                      0.000     0.000 r  
    Y9                                                0.000     0.000 r  clk_100m (IN)
                         net (fo=0)                   0.000     0.000    clk_100m
    Y9                   IBUF (Prop_ibuf_I_O)         0.258     0.258 r  clk_100m_IBUF_inst/O
                         net (fo=1, routed)           0.663     0.921    clk_100m_IBUF
    BUFGCTRL_X0Y0        BUFG (Prop_bufg_I_O)         0.026     0.947 r  clk_100m_IBUF_BUFG_inst/O
                         net (fo=7344, routed)        0.561     1.508    acc_wrap/fixed_ip/u_ws_datapath/u_systolic_array/pe72/clk_100m_IBUF_BUFG
    SLICE_X42Y49         FDRE                                         r  acc_wrap/fixed_ip/u_ws_datapath/u_systolic_array/pe72/psum_out_reg[16]/C
  -------------------------------------------------------------------    -------------------
    SLICE_X42Y49         FDRE (Prop_fdre_C_Q)         0.164     1.672 r  acc_wrap/fixed_ip/u_ws_datapath/u_systolic_array/pe72/psum_out_reg[16]/Q
                         net (fo=8, routed)           0.240     1.912    acc_wrap/fixed_ip/u_ws_datapath/u_output_buffer/bank2_reg[0][27]_0[16]
    SLICE_X47Y55         FDRE                                         r  acc_wrap/fixed_ip/u_ws_datapath/u_output_buffer/bank2_reg[6][16]/D
  -------------------------------------------------------------------    -------------------

                         (clock clk_100m rise edge)
                                                      0.000     0.000 r  
    Y9                                                0.000     0.000 r  clk_100m (IN)
                         net (fo=0)                   0.000     0.000    clk_100m
    Y9                   IBUF (Prop_ibuf_I_O)         0.446     0.446 r  clk_100m_IBUF_inst/O
                         net (fo=1, routed)           0.719     1.165    clk_100m_IBUF
    BUFGCTRL_X0Y0        BUFG (Prop_bufg_I_O)         0.029     1.194 r  clk_100m_IBUF_BUFG_inst/O
                         net (fo=7344, routed)        0.826     2.020    acc_wrap/fixed_ip/u_ws_datapath/u_output_buffer/clk_100m_IBUF_BUFG
    SLICE_X47Y55         FDRE                                         r  acc_wrap/fixed_ip/u_ws_datapath/u_output_buffer/bank2_reg[6][16]/C
                         clock pessimism             -0.247     1.773    
    SLICE_X47Y55         FDRE (Hold_fdre_C_D)         0.070     1.843    acc_wrap/fixed_ip/u_ws_datapath/u_output_buffer/bank2_reg[6][16]
  -------------------------------------------------------------------
                         required time                         -1.843    
                         arrival time                           1.912    
  -------------------------------------------------------------------
                         slack                                  0.069    

Slack (MET) :             0.069ns  (arrival time - required time)
  Source:                 cpu/latched_rd_reg[1]/C
                            (rising edge-triggered cell FDSE clocked by clk_100m  {rise@0.000ns fall@5.000ns period=10.000ns})
  Destination:            cpu/cpuregs_reg_r1_0_31_24_29/RAMA/WADR1
                            (rising edge-triggered cell RAMD32 clocked by clk_100m  {rise@0.000ns fall@5.000ns period=10.000ns})
  Path Group:             clk_100m
  Path Type:              Hold (Min at Fast Process Corner)
  Requirement:            0.000ns  (clk_100m rise@0.000ns - clk_100m rise@0.000ns)
  Data Path Delay:        0.395ns  (logic 0.141ns (35.687%)  route 0.254ns (64.313%))
  Logic Levels:           0  
  Clock Path Skew:        0.017ns (DCD - SCD - CPR)
    Destination Clock Delay (DCD):    2.016ns
    Source Clock Delay      (SCD):    1.501ns
    Clock Pessimism Removal (CPR):    0.498ns

    Location             Delay type                Incr(ns)  Path(ns)    Netlist Resource(s)
  -------------------------------------------------------------------    -------------------
                         (clock clk_100m rise edge)
                                                      0.000     0.000 r  
    Y9                                                0.000     0.000 r  clk_100m (IN)
                         net (fo=0)                   0.000     0.000    clk_100m
    Y9                   IBUF (Prop_ibuf_I_O)         0.258     0.258 r  clk_100m_IBUF_inst/O
                         net (fo=1, routed)           0.663     0.921    clk_100m_IBUF
    BUFGCTRL_X0Y0        BUFG (Prop_bufg_I_O)         0.026     0.947 r  clk_100m_IBUF_BUFG_inst/O
                         net (fo=7344, routed)        0.554     1.501    cpu/clk_100m_IBUF_BUFG
    SLICE_X51Y10         FDSE                                         r  cpu/latched_rd_reg[1]/C
  -------------------------------------------------------------------    -------------------
    SLICE_X51Y10         FDSE (Prop_fdse_C_Q)         0.141     1.642 r  cpu/latched_rd_reg[1]/Q
                         net (fo=93, routed)          0.254     1.896    cpu/cpuregs_reg_r1_0_31_24_29/ADDRD1
    SLICE_X50Y9          RAMD32                                       r  cpu/cpuregs_reg_r1_0_31_24_29/RAMA/WADR1
  -------------------------------------------------------------------    -------------------

                         (clock clk_100m rise edge)
                                                      0.000     0.000 r  
    Y9                                                0.000     0.000 r  clk_100m (IN)
                         net (fo=0)                   0.000     0.000    clk_100m
    Y9                   IBUF (Prop_ibuf_I_O)         0.446     0.446 r  clk_100m_IBUF_inst/O
                         net (fo=1, routed)           0.719     1.165    clk_100m_IBUF
    BUFGCTRL_X0Y0        BUFG (Prop_bufg_I_O)         0.029     1.194 r  clk_100m_IBUF_BUFG_inst/O
                         net (fo=7344, routed)        0.822     2.016    cpu/cpuregs_reg_r1_0_31_24_29/WCLK
    SLICE_X50Y9          RAMD32                                       r  cpu/cpuregs_reg_r1_0_31_24_29/RAMA/CLK
                         clock pessimism             -0.498     1.518    
    SLICE_X50Y9          RAMD32 (Hold_ramd32_CLK_WADR1)
                                                      0.309     1.827    cpu/cpuregs_reg_r1_0_31_24_29/RAMA
  -------------------------------------------------------------------
                         required time                         -1.827    
                         arrival time                           1.896    
  -------------------------------------------------------------------
                         slack                                  0.069    

Slack (MET) :             0.069ns  (arrival time - required time)
  Source:                 cpu/latched_rd_reg[1]/C
                            (rising edge-triggered cell FDSE clocked by clk_100m  {rise@0.000ns fall@5.000ns period=10.000ns})
  Destination:            cpu/cpuregs_reg_r1_0_31_24_29/RAMA_D1/WADR1
                            (rising edge-triggered cell RAMD32 clocked by clk_100m  {rise@0.000ns fall@5.000ns period=10.000ns})
  Path Group:             clk_100m
  Path Type:              Hold (Min at Fast Process Corner)
  Requirement:            0.000ns  (clk_100m rise@0.000ns - clk_100m rise@0.000ns)
  Data Path Delay:        0.395ns  (logic 0.141ns (35.687%)  route 0.254ns (64.313%))
  Logic Levels:           0  
  Clock Path Skew:        0.017ns (DCD - SCD - CPR)
    Destination Clock Delay (DCD):    2.016ns
    Source Clock Delay      (SCD):    1.501ns
    Clock Pessimism Removal (CPR):    0.498ns

    Location             Delay type                Incr(ns)  Path(ns)    Netlist Resource(s)
  -------------------------------------------------------------------    -------------------
                         (clock clk_100m rise edge)
                                                      0.000     0.000 r  
    Y9                                                0.000     0.000 r  clk_100m (IN)
                         net (fo=0)                   0.000     0.000    clk_100m
    Y9                   IBUF (Prop_ibuf_I_O)         0.258     0.258 r  clk_100m_IBUF_inst/O
                         net (fo=1, routed)           0.663     0.921    clk_100m_IBUF
    BUFGCTRL_X0Y0        BUFG (Prop_bufg_I_O)         0.026     0.947 r  clk_100m_IBUF_BUFG_inst/O
                         net (fo=7344, routed)        0.554     1.501    cpu/clk_100m_IBUF_BUFG
    SLICE_X51Y10         FDSE                                         r  cpu/latched_rd_reg[1]/C
  -------------------------------------------------------------------    -------------------
    SLICE_X51Y10         FDSE (Prop_fdse_C_Q)         0.141     1.642 r  cpu/latched_rd_reg[1]/Q
                         net (fo=93, routed)          0.254     1.896    cpu/cpuregs_reg_r1_0_31_24_29/ADDRD1
    SLICE_X50Y9          RAMD32                                       r  cpu/cpuregs_reg_r1_0_31_24_29/RAMA_D1/WADR1
  -------------------------------------------------------------------    -------------------

                         (clock clk_100m rise edge)
                                                      0.000     0.000 r  
    Y9                                                0.000     0.000 r  clk_100m (IN)
                         net (fo=0)                   0.000     0.000    clk_100m
    Y9                   IBUF (Prop_ibuf_I_O)         0.446     0.446 r  clk_100m_IBUF_inst/O
                         net (fo=1, routed)           0.719     1.165    clk_100m_IBUF
    BUFGCTRL_X0Y0        BUFG (Prop_bufg_I_O)         0.029     1.194 r  clk_100m_IBUF_BUFG_inst/O
                         net (fo=7344, routed)        0.822     2.016    cpu/cpuregs_reg_r1_0_31_24_29/WCLK
    SLICE_X50Y9          RAMD32                                       r  cpu/cpuregs_reg_r1_0_31_24_29/RAMA_D1/CLK
                         clock pessimism             -0.498     1.518    
    SLICE_X50Y9          RAMD32 (Hold_ramd32_CLK_WADR1)
                                                      0.309     1.827    cpu/cpuregs_reg_r1_0_31_24_29/RAMA_D1
  -------------------------------------------------------------------
                         required time                         -1.827    
                         arrival time                           1.896    
  -------------------------------------------------------------------
                         slack                                  0.069    

Slack (MET) :             0.069ns  (arrival time - required time)
  Source:                 cpu/latched_rd_reg[1]/C
                            (rising edge-triggered cell FDSE clocked by clk_100m  {rise@0.000ns fall@5.000ns period=10.000ns})
  Destination:            cpu/cpuregs_reg_r1_0_31_24_29/RAMB/WADR1
                            (rising edge-triggered cell RAMD32 clocked by clk_100m  {rise@0.000ns fall@5.000ns period=10.000ns})
  Path Group:             clk_100m
  Path Type:              Hold (Min at Fast Process Corner)
  Requirement:            0.000ns  (clk_100m rise@0.000ns - clk_100m rise@0.000ns)
  Data Path Delay:        0.395ns  (logic 0.141ns (35.687%)  route 0.254ns (64.313%))
  Logic Levels:           0  
  Clock Path Skew:        0.017ns (DCD - SCD - CPR)
    Destination Clock Delay (DCD):    2.016ns
    Source Clock Delay      (SCD):    1.501ns
    Clock Pessimism Removal (CPR):    0.498ns

    Location             Delay type                Incr(ns)  Path(ns)    Netlist Resource(s)
  -------------------------------------------------------------------    -------------------
                         (clock clk_100m rise edge)
                                                      0.000     0.000 r  
    Y9                                                0.000     0.000 r  clk_100m (IN)
                         net (fo=0)                   0.000     0.000    clk_100m
    Y9                   IBUF (Prop_ibuf_I_O)         0.258     0.258 r  clk_100m_IBUF_inst/O
                         net (fo=1, routed)           0.663     0.921    clk_100m_IBUF
    BUFGCTRL_X0Y0        BUFG (Prop_bufg_I_O)         0.026     0.947 r  clk_100m_IBUF_BUFG_inst/O
                         net (fo=7344, routed)        0.554     1.501    cpu/clk_100m_IBUF_BUFG
    SLICE_X51Y10         FDSE                                         r  cpu/latched_rd_reg[1]/C
  -------------------------------------------------------------------    -------------------
    SLICE_X51Y10         FDSE (Prop_fdse_C_Q)         0.141     1.642 r  cpu/latched_rd_reg[1]/Q
                         net (fo=93, routed)          0.254     1.896    cpu/cpuregs_reg_r1_0_31_24_29/ADDRD1
    SLICE_X50Y9          RAMD32                                       r  cpu/cpuregs_reg_r1_0_31_24_29/RAMB/WADR1
  -------------------------------------------------------------------    -------------------

                         (clock clk_100m rise edge)
                                                      0.000     0.000 r  
    Y9                                                0.000     0.000 r  clk_100m (IN)
                         net (fo=0)                   0.000     0.000    clk_100m
    Y9                   IBUF (Prop_ibuf_I_O)         0.446     0.446 r  clk_100m_IBUF_inst/O
                         net (fo=1, routed)           0.719     1.165    clk_100m_IBUF
    BUFGCTRL_X0Y0        BUFG (Prop_bufg_I_O)         0.029     1.194 r  clk_100m_IBUF_BUFG_inst/O
                         net (fo=7344, routed)        0.822     2.016    cpu/cpuregs_reg_r1_0_31_24_29/WCLK
    SLICE_X50Y9          RAMD32                                       r  cpu/cpuregs_reg_r1_0_31_24_29/RAMB/CLK
                         clock pessimism             -0.498     1.518    
    SLICE_X50Y9          RAMD32 (Hold_ramd32_CLK_WADR1)
                                                      0.309     1.827    cpu/cpuregs_reg_r1_0_31_24_29/RAMB
  -------------------------------------------------------------------
                         required time                         -1.827    
                         arrival time                           1.896    
  -------------------------------------------------------------------
                         slack                                  0.069    

Slack (MET) :             0.069ns  (arrival time - required time)
  Source:                 cpu/latched_rd_reg[1]/C
                            (rising edge-triggered cell FDSE clocked by clk_100m  {rise@0.000ns fall@5.000ns period=10.000ns})
  Destination:            cpu/cpuregs_reg_r1_0_31_24_29/RAMB_D1/WADR1
                            (rising edge-triggered cell RAMD32 clocked by clk_100m  {rise@0.000ns fall@5.000ns period=10.000ns})
  Path Group:             clk_100m
  Path Type:              Hold (Min at Fast Process Corner)
  Requirement:            0.000ns  (clk_100m rise@0.000ns - clk_100m rise@0.000ns)
  Data Path Delay:        0.395ns  (logic 0.141ns (35.687%)  route 0.254ns (64.313%))
  Logic Levels:           0  
  Clock Path Skew:        0.017ns (DCD - SCD - CPR)
    Destination Clock Delay (DCD):    2.016ns
    Source Clock Delay      (SCD):    1.501ns
    Clock Pessimism Removal (CPR):    0.498ns

    Location             Delay type                Incr(ns)  Path(ns)    Netlist Resource(s)
  -------------------------------------------------------------------    -------------------
                         (clock clk_100m rise edge)
                                                      0.000     0.000 r  
    Y9                                                0.000     0.000 r  clk_100m (IN)
                         net (fo=0)                   0.000     0.000    clk_100m
    Y9                   IBUF (Prop_ibuf_I_O)         0.258     0.258 r  clk_100m_IBUF_inst/O
                         net (fo=1, routed)           0.663     0.921    clk_100m_IBUF
    BUFGCTRL_X0Y0        BUFG (Prop_bufg_I_O)         0.026     0.947 r  clk_100m_IBUF_BUFG_inst/O
                         net (fo=7344, routed)        0.554     1.501    cpu/clk_100m_IBUF_BUFG
    SLICE_X51Y10         FDSE                                         r  cpu/latched_rd_reg[1]/C
  -------------------------------------------------------------------    -------------------
    SLICE_X51Y10         FDSE (Prop_fdse_C_Q)         0.141     1.642 r  cpu/latched_rd_reg[1]/Q
                         net (fo=93, routed)          0.254     1.896    cpu/cpuregs_reg_r1_0_31_24_29/ADDRD1
    SLICE_X50Y9          RAMD32                                       r  cpu/cpuregs_reg_r1_0_31_24_29/RAMB_D1/WADR1
  -------------------------------------------------------------------    -------------------

                         (clock clk_100m rise edge)
                                                      0.000     0.000 r  
    Y9                                                0.000     0.000 r  clk_100m (IN)
                         net (fo=0)                   0.000     0.000    clk_100m
    Y9                   IBUF (Prop_ibuf_I_O)         0.446     0.446 r  clk_100m_IBUF_inst/O
                         net (fo=1, routed)           0.719     1.165    clk_100m_IBUF
    BUFGCTRL_X0Y0        BUFG (Prop_bufg_I_O)         0.029     1.194 r  clk_100m_IBUF_BUFG_inst/O
                         net (fo=7344, routed)        0.822     2.016    cpu/cpuregs_reg_r1_0_31_24_29/WCLK
    SLICE_X50Y9          RAMD32                                       r  cpu/cpuregs_reg_r1_0_31_24_29/RAMB_D1/CLK
                         clock pessimism             -0.498     1.518    
    SLICE_X50Y9          RAMD32 (Hold_ramd32_CLK_WADR1)
                                                      0.309     1.827    cpu/cpuregs_reg_r1_0_31_24_29/RAMB_D1
  -------------------------------------------------------------------
                         required time                         -1.827    
                         arrival time                           1.896    
  -------------------------------------------------------------------
                         slack                                  0.069    





Pulse Width Checks
--------------------------------------------------------------------------------------
Clock Name:         clk_100m
Waveform(ns):       { 0.000 5.000 }
Period(ns):         10.000
Sources:            { clk_100m }

Check Type        Corner  Lib Pin             Reference Pin  Required(ns)  Actual(ns)  Slack(ns)  Location     Pin
Min Period        n/a     DSP48E1/CLK         n/a            3.884         10.000      6.116      DSP48_X2Y5   cpu/pcpi_mul/rd_reg/CLK
Min Period        n/a     DSP48E1/CLK         n/a            3.884         10.000      6.116      DSP48_X2Y3   cpu/pcpi_mul/rd_reg__0/CLK
Min Period        n/a     RAMB36E1/CLKARDCLK  n/a            3.363         10.000      6.637      RAMB36_X2Y7  dmem/mem_reg_0_0_0/CLKARDCLK
Min Period        n/a     RAMB36E1/CLKBWRCLK  n/a            3.363         10.000      6.637      RAMB36_X2Y7  dmem/mem_reg_0_0_0/CLKBWRCLK
Min Period        n/a     RAMB36E1/CLKARDCLK  n/a            3.363         10.000      6.637      RAMB36_X3Y6  dmem/mem_reg_0_0_1/CLKARDCLK
Min Period        n/a     RAMB36E1/CLKBWRCLK  n/a            3.363         10.000      6.637      RAMB36_X3Y6  dmem/mem_reg_0_0_1/CLKBWRCLK
Min Period        n/a     RAMB36E1/CLKARDCLK  n/a            3.363         10.000      6.637      RAMB36_X0Y6  dmem/mem_reg_0_0_2/CLKARDCLK
Min Period        n/a     RAMB36E1/CLKBWRCLK  n/a            3.363         10.000      6.637      RAMB36_X0Y6  dmem/mem_reg_0_0_2/CLKBWRCLK
Min Period        n/a     RAMB36E1/CLKARDCLK  n/a            3.363         10.000      6.637      RAMB36_X0Y8  dmem/mem_reg_0_0_3/CLKARDCLK
Min Period        n/a     RAMB36E1/CLKBWRCLK  n/a            3.363         10.000      6.637      RAMB36_X0Y8  dmem/mem_reg_0_0_3/CLKBWRCLK
Low Pulse Width   Slow    RAMD32/CLK          n/a            1.250         5.000       3.750      SLICE_X42Y1  cpu/cpuregs_reg_r1_0_31_0_5/RAMA/CLK
Low Pulse Width   Fast    RAMD32/CLK          n/a            1.250         5.000       3.750      SLICE_X42Y1  cpu/cpuregs_reg_r1_0_31_0_5/RAMA/CLK
Low Pulse Width   Slow    RAMD32/CLK          n/a            1.250         5.000       3.750      SLICE_X42Y1  cpu/cpuregs_reg_r1_0_31_0_5/RAMA_D1/CLK
Low Pulse Width   Fast    RAMD32/CLK          n/a            1.250         5.000       3.750      SLICE_X42Y1  cpu/cpuregs_reg_r1_0_31_0_5/RAMA_D1/CLK
Low Pulse Width   Slow    RAMD32/CLK          n/a            1.250         5.000       3.750      SLICE_X42Y1  cpu/cpuregs_reg_r1_0_31_0_5/RAMB/CLK
Low Pulse Width   Fast    RAMD32/CLK          n/a            1.250         5.000       3.750      SLICE_X42Y1  cpu/cpuregs_reg_r1_0_31_0_5/RAMB/CLK
Low Pulse Width   Slow    RAMD32/CLK          n/a            1.250         5.000       3.750      SLICE_X42Y1  cpu/cpuregs_reg_r1_0_31_0_5/RAMB_D1/CLK
Low Pulse Width   Fast    RAMD32/CLK          n/a            1.250         5.000       3.750      SLICE_X42Y1  cpu/cpuregs_reg_r1_0_31_0_5/RAMB_D1/CLK
Low Pulse Width   Slow    RAMD32/CLK          n/a            1.250         5.000       3.750      SLICE_X42Y1  cpu/cpuregs_reg_r1_0_31_0_5/RAMC/CLK
Low Pulse Width   Fast    RAMD32/CLK          n/a            1.250         5.000       3.750      SLICE_X42Y1  cpu/cpuregs_reg_r1_0_31_0_5/RAMC/CLK
High Pulse Width  Slow    RAMD32/CLK          n/a            1.250         5.000       3.750      SLICE_X42Y1  cpu/cpuregs_reg_r1_0_31_0_5/RAMA/CLK
High Pulse Width  Fast    RAMD32/CLK          n/a            1.250         5.000       3.750      SLICE_X42Y1  cpu/cpuregs_reg_r1_0_31_0_5/RAMA/CLK
High Pulse Width  Slow    RAMD32/CLK          n/a            1.250         5.000       3.750      SLICE_X42Y1  cpu/cpuregs_reg_r1_0_31_0_5/RAMA_D1/CLK
High Pulse Width  Fast    RAMD32/CLK          n/a            1.250         5.000       3.750      SLICE_X42Y1  cpu/cpuregs_reg_r1_0_31_0_5/RAMA_D1/CLK
High Pulse Width  Slow    RAMD32/CLK          n/a            1.250         5.000       3.750      SLICE_X42Y1  cpu/cpuregs_reg_r1_0_31_0_5/RAMB/CLK
High Pulse Width  Fast    RAMD32/CLK          n/a            1.250         5.000       3.750      SLICE_X42Y1  cpu/cpuregs_reg_r1_0_31_0_5/RAMB/CLK
High Pulse Width  Slow    RAMD32/CLK          n/a            1.250         5.000       3.750      SLICE_X42Y1  cpu/cpuregs_reg_r1_0_31_0_5/RAMB_D1/CLK
High Pulse Width  Fast    RAMD32/CLK          n/a            1.250         5.000       3.750      SLICE_X42Y1  cpu/cpuregs_reg_r1_0_31_0_5/RAMB_D1/CLK
High Pulse Width  Slow    RAMD32/CLK          n/a            1.250         5.000       3.750      SLICE_X42Y1  cpu/cpuregs_reg_r1_0_31_0_5/RAMC/CLK
High Pulse Width  Fast    RAMD32/CLK          n/a            1.250         5.000       3.750      SLICE_X42Y1  cpu/cpuregs_reg_r1_0_31_0_5/RAMC/CLK



---------------------------------------------------------------------------------------------------
Path Group:  **async_default**
From Clock:  clk_100m
  To Clock:  clk_100m

Setup :            0  Failing Endpoints,  Worst Slack        1.995ns,  Total Violation        0.000ns
Hold  :            0  Failing Endpoints,  Worst Slack        1.353ns,  Total Violation        0.000ns
---------------------------------------------------------------------------------------------------


Max Delay Paths
--------------------------------------------------------------------------------------
Slack (MET) :             1.995ns  (required time - arrival time)
  Source:                 reset_inst/sync_rst_n_reg[1]/C
                            (rising edge-triggered cell FDCE clocked by clk_100m  {rise@0.000ns fall@5.000ns period=10.000ns})
  Destination:            dma_inst/mmio_rdata_reg[21]/CLR
                            (recovery check against rising-edge clock clk_100m  {rise@0.000ns fall@5.000ns period=10.000ns})
  Path Group:             **async_default**
  Path Type:              Recovery (Max at Slow Process Corner)
  Requirement:            10.000ns  (clk_100m rise@10.000ns - clk_100m rise@0.000ns)
  Data Path Delay:        7.310ns  (logic 0.608ns (8.317%)  route 6.702ns (91.683%))
  Logic Levels:           1  (LUT1=1)
  Clock Path Skew:        -0.053ns (DCD - SCD + CPR)
    Destination Clock Delay (DCD):    5.031ns = ( 15.031 - 10.000 ) 
    Source Clock Delay      (SCD):    5.478ns
    Clock Pessimism Removal (CPR):    0.394ns
  Clock Uncertainty:      0.035ns  ((TSJ^2 + TIJ^2)^1/2 + DJ) / 2 + PE
    Total System Jitter     (TSJ):    0.071ns
    Total Input Jitter      (TIJ):    0.000ns
    Discrete Jitter          (DJ):    0.000ns
    Phase Error              (PE):    0.000ns

    Location             Delay type                Incr(ns)  Path(ns)    Netlist Resource(s)
  -------------------------------------------------------------------    -------------------
                         (clock clk_100m rise edge)
                                                      0.000     0.000 r  
    Y9                                                0.000     0.000 r  clk_100m (IN)
                         net (fo=0)                   0.000     0.000    clk_100m
    Y9                   IBUF (Prop_ibuf_I_O)         1.490     1.490 r  clk_100m_IBUF_inst/O
                         net (fo=1, routed)           2.171     3.661    clk_100m_IBUF
    BUFGCTRL_X0Y0        BUFG (Prop_bufg_I_O)         0.101     3.762 r  clk_100m_IBUF_BUFG_inst/O
                         net (fo=7344, routed)        1.716     5.478    reset_inst/clk_100m_IBUF_BUFG
    SLICE_X55Y17         FDCE                                         r  reset_inst/sync_rst_n_reg[1]/C
  -------------------------------------------------------------------    -------------------
    SLICE_X55Y17         FDCE (Prop_fdce_C_Q)         0.456     5.934 r  reset_inst/sync_rst_n_reg[1]/Q
                         net (fo=47, routed)          2.486     8.420    reset_inst/Q[0]
    SLICE_X23Y12         LUT1 (Prop_lut1_I0_O)        0.152     8.572 f  reset_inst/active[1]_i_1/O
                         net (fo=1010, routed)        4.216    12.788    dma_inst/reg_error_reg_0
    SLICE_X67Y15         FDCE                                         f  dma_inst/mmio_rdata_reg[21]/CLR
  -------------------------------------------------------------------    -------------------

                         (clock clk_100m rise edge)
                                                     10.000    10.000 r  
    Y9                                                0.000    10.000 r  clk_100m (IN)
                         net (fo=0)                   0.000    10.000    clk_100m
    Y9                   IBUF (Prop_ibuf_I_O)         1.420    11.420 r  clk_100m_IBUF_inst/O
                         net (fo=1, routed)           1.972    13.392    clk_100m_IBUF
    BUFGCTRL_X0Y0        BUFG (Prop_bufg_I_O)         0.091    13.483 r  clk_100m_IBUF_BUFG_inst/O
                         net (fo=7344, routed)        1.548    15.031    dma_inst/clk_100m_IBUF_BUFG
    SLICE_X67Y15         FDCE                                         r  dma_inst/mmio_rdata_reg[21]/C
                         clock pessimism              0.394    15.425    
                         clock uncertainty           -0.035    15.390    
    SLICE_X67Y15         FDCE (Recov_fdce_C_CLR)     -0.607    14.783    dma_inst/mmio_rdata_reg[21]
  -------------------------------------------------------------------
                         required time                         14.783    
                         arrival time                         -12.788    
  -------------------------------------------------------------------
                         slack                                  1.995    

Slack (MET) :             1.995ns  (required time - arrival time)
  Source:                 reset_inst/sync_rst_n_reg[1]/C
                            (rising edge-triggered cell FDCE clocked by clk_100m  {rise@0.000ns fall@5.000ns period=10.000ns})
  Destination:            dma_inst/mmio_rdata_reg[9]/CLR
                            (recovery check against rising-edge clock clk_100m  {rise@0.000ns fall@5.000ns period=10.000ns})
  Path Group:             **async_default**
  Path Type:              Recovery (Max at Slow Process Corner)
  Requirement:            10.000ns  (clk_100m rise@10.000ns - clk_100m rise@0.000ns)
  Data Path Delay:        7.310ns  (logic 0.608ns (8.317%)  route 6.702ns (91.683%))
  Logic Levels:           1  (LUT1=1)
  Clock Path Skew:        -0.053ns (DCD - SCD + CPR)
    Destination Clock Delay (DCD):    5.031ns = ( 15.031 - 10.000 ) 
    Source Clock Delay      (SCD):    5.478ns
    Clock Pessimism Removal (CPR):    0.394ns
  Clock Uncertainty:      0.035ns  ((TSJ^2 + TIJ^2)^1/2 + DJ) / 2 + PE
    Total System Jitter     (TSJ):    0.071ns
    Total Input Jitter      (TIJ):    0.000ns
    Discrete Jitter          (DJ):    0.000ns
    Phase Error              (PE):    0.000ns

    Location             Delay type                Incr(ns)  Path(ns)    Netlist Resource(s)
  -------------------------------------------------------------------    -------------------
                         (clock clk_100m rise edge)
                                                      0.000     0.000 r  
    Y9                                                0.000     0.000 r  clk_100m (IN)
                         net (fo=0)                   0.000     0.000    clk_100m
    Y9                   IBUF (Prop_ibuf_I_O)         1.490     1.490 r  clk_100m_IBUF_inst/O
                         net (fo=1, routed)           2.171     3.661    clk_100m_IBUF
    BUFGCTRL_X0Y0        BUFG (Prop_bufg_I_O)         0.101     3.762 r  clk_100m_IBUF_BUFG_inst/O
                         net (fo=7344, routed)        1.716     5.478    reset_inst/clk_100m_IBUF_BUFG
    SLICE_X55Y17         FDCE                                         r  reset_inst/sync_rst_n_reg[1]/C
  -------------------------------------------------------------------    -------------------
    SLICE_X55Y17         FDCE (Prop_fdce_C_Q)         0.456     5.934 r  reset_inst/sync_rst_n_reg[1]/Q
                         net (fo=47, routed)          2.486     8.420    reset_inst/Q[0]
    SLICE_X23Y12         LUT1 (Prop_lut1_I0_O)        0.152     8.572 f  reset_inst/active[1]_i_1/O
                         net (fo=1010, routed)        4.216    12.788    dma_inst/reg_error_reg_0
    SLICE_X67Y15         FDCE                                         f  dma_inst/mmio_rdata_reg[9]/CLR
  -------------------------------------------------------------------    -------------------

                         (clock clk_100m rise edge)
                                                     10.000    10.000 r  
    Y9                                                0.000    10.000 r  clk_100m (IN)
                         net (fo=0)                   0.000    10.000    clk_100m
    Y9                   IBUF (Prop_ibuf_I_O)         1.420    11.420 r  clk_100m_IBUF_inst/O
                         net (fo=1, routed)           1.972    13.392    clk_100m_IBUF
    BUFGCTRL_X0Y0        BUFG (Prop_bufg_I_O)         0.091    13.483 r  clk_100m_IBUF_BUFG_inst/O
                         net (fo=7344, routed)        1.548    15.031    dma_inst/clk_100m_IBUF_BUFG
    SLICE_X67Y15         FDCE                                         r  dma_inst/mmio_rdata_reg[9]/C
                         clock pessimism              0.394    15.425    
                         clock uncertainty           -0.035    15.390    
    SLICE_X67Y15         FDCE (Recov_fdce_C_CLR)     -0.607    14.783    dma_inst/mmio_rdata_reg[9]
  -------------------------------------------------------------------
                         required time                         14.783    
                         arrival time                         -12.788    
  -------------------------------------------------------------------
                         slack                                  1.995    

Slack (MET) :             2.081ns  (required time - arrival time)
  Source:                 reset_inst/sync_rst_n_reg[1]/C
                            (rising edge-triggered cell FDCE clocked by clk_100m  {rise@0.000ns fall@5.000ns period=10.000ns})
  Destination:            dma_inst/mmio_rdata_reg[22]/CLR
                            (recovery check against rising-edge clock clk_100m  {rise@0.000ns fall@5.000ns period=10.000ns})
  Path Group:             **async_default**
  Path Type:              Recovery (Max at Slow Process Corner)
  Requirement:            10.000ns  (clk_100m rise@10.000ns - clk_100m rise@0.000ns)
  Data Path Delay:        7.310ns  (logic 0.608ns (8.317%)  route 6.702ns (91.683%))
  Logic Levels:           1  (LUT1=1)
  Clock Path Skew:        -0.053ns (DCD - SCD + CPR)
    Destination Clock Delay (DCD):    5.031ns = ( 15.031 - 10.000 ) 
    Source Clock Delay      (SCD):    5.478ns
    Clock Pessimism Removal (CPR):    0.394ns
  Clock Uncertainty:      0.035ns  ((TSJ^2 + TIJ^2)^1/2 + DJ) / 2 + PE
    Total System Jitter     (TSJ):    0.071ns
    Total Input Jitter      (TIJ):    0.000ns
    Discrete Jitter          (DJ):    0.000ns
    Phase Error              (PE):    0.000ns

    Location             Delay type                Incr(ns)  Path(ns)    Netlist Resource(s)
  -------------------------------------------------------------------    -------------------
                         (clock clk_100m rise edge)
                                                      0.000     0.000 r  
    Y9                                                0.000     0.000 r  clk_100m (IN)
                         net (fo=0)                   0.000     0.000    clk_100m
    Y9                   IBUF (Prop_ibuf_I_O)         1.490     1.490 r  clk_100m_IBUF_inst/O
                         net (fo=1, routed)           2.171     3.661    clk_100m_IBUF
    BUFGCTRL_X0Y0        BUFG (Prop_bufg_I_O)         0.101     3.762 r  clk_100m_IBUF_BUFG_inst/O
                         net (fo=7344, routed)        1.716     5.478    reset_inst/clk_100m_IBUF_BUFG
    SLICE_X55Y17         FDCE                                         r  reset_inst/sync_rst_n_reg[1]/C
  -------------------------------------------------------------------    -------------------
    SLICE_X55Y17         FDCE (Prop_fdce_C_Q)         0.456     5.934 r  reset_inst/sync_rst_n_reg[1]/Q
                         net (fo=47, routed)          2.486     8.420    reset_inst/Q[0]
    SLICE_X23Y12         LUT1 (Prop_lut1_I0_O)        0.152     8.572 f  reset_inst/active[1]_i_1/O
                         net (fo=1010, routed)        4.216    12.788    dma_inst/reg_error_reg_0
    SLICE_X66Y15         FDCE                                         f  dma_inst/mmio_rdata_reg[22]/CLR
  -------------------------------------------------------------------    -------------------

                         (clock clk_100m rise edge)
                                                     10.000    10.000 r  
    Y9                                                0.000    10.000 r  clk_100m (IN)
                         net (fo=0)                   0.000    10.000    clk_100m
    Y9                   IBUF (Prop_ibuf_I_O)         1.420    11.420 r  clk_100m_IBUF_inst/O
                         net (fo=1, routed)           1.972    13.392    clk_100m_IBUF
    BUFGCTRL_X0Y0        BUFG (Prop_bufg_I_O)         0.091    13.483 r  clk_100m_IBUF_BUFG_inst/O
                         net (fo=7344, routed)        1.548    15.031    dma_inst/clk_100m_IBUF_BUFG
    SLICE_X66Y15         FDCE                                         r  dma_inst/mmio_rdata_reg[22]/C
                         clock pessimism              0.394    15.425    
                         clock uncertainty           -0.035    15.390    
    SLICE_X66Y15         FDCE (Recov_fdce_C_CLR)     -0.521    14.869    dma_inst/mmio_rdata_reg[22]
  -------------------------------------------------------------------
                         required time                         14.869    
                         arrival time                         -12.788    
  -------------------------------------------------------------------
                         slack                                  2.081    

Slack (MET) :             2.091ns  (required time - arrival time)
  Source:                 reset_inst/sync_rst_n_reg[1]/C
                            (rising edge-triggered cell FDCE clocked by clk_100m  {rise@0.000ns fall@5.000ns period=10.000ns})
  Destination:            dma_inst/reg_done_reg/CLR
                            (recovery check against rising-edge clock clk_100m  {rise@0.000ns fall@5.000ns period=10.000ns})
  Path Group:             **async_default**
  Path Type:              Recovery (Max at Slow Process Corner)
  Requirement:            10.000ns  (clk_100m rise@10.000ns - clk_100m rise@0.000ns)
  Data Path Delay:        7.211ns  (logic 0.608ns (8.431%)  route 6.603ns (91.569%))
  Logic Levels:           1  (LUT1=1)
  Clock Path Skew:        -0.055ns (DCD - SCD + CPR)
    Destination Clock Delay (DCD):    5.029ns = ( 15.029 - 10.000 ) 
    Source Clock Delay      (SCD):    5.478ns
    Clock Pessimism Removal (CPR):    0.394ns
  Clock Uncertainty:      0.035ns  ((TSJ^2 + TIJ^2)^1/2 + DJ) / 2 + PE
    Total System Jitter     (TSJ):    0.071ns
    Total Input Jitter      (TIJ):    0.000ns
    Discrete Jitter          (DJ):    0.000ns
    Phase Error              (PE):    0.000ns

    Location             Delay type                Incr(ns)  Path(ns)    Netlist Resource(s)
  -------------------------------------------------------------------    -------------------
                         (clock clk_100m rise edge)
                                                      0.000     0.000 r  
    Y9                                                0.000     0.000 r  clk_100m (IN)
                         net (fo=0)                   0.000     0.000    clk_100m
    Y9                   IBUF (Prop_ibuf_I_O)         1.490     1.490 r  clk_100m_IBUF_inst/O
                         net (fo=1, routed)           2.171     3.661    clk_100m_IBUF
    BUFGCTRL_X0Y0        BUFG (Prop_bufg_I_O)         0.101     3.762 r  clk_100m_IBUF_BUFG_inst/O
                         net (fo=7344, routed)        1.716     5.478    reset_inst/clk_100m_IBUF_BUFG
    SLICE_X55Y17         FDCE                                         r  reset_inst/sync_rst_n_reg[1]/C
  -------------------------------------------------------------------    -------------------
    SLICE_X55Y17         FDCE (Prop_fdce_C_Q)         0.456     5.934 r  reset_inst/sync_rst_n_reg[1]/Q
                         net (fo=47, routed)          2.486     8.420    reset_inst/Q[0]
    SLICE_X23Y12         LUT1 (Prop_lut1_I0_O)        0.152     8.572 f  reset_inst/active[1]_i_1/O
                         net (fo=1010, routed)        4.118    12.690    dma_inst/reg_error_reg_0
    SLICE_X60Y16         FDCE                                         f  dma_inst/reg_done_reg/CLR
  -------------------------------------------------------------------    -------------------

                         (clock clk_100m rise edge)
                                                     10.000    10.000 r  
    Y9                                                0.000    10.000 r  clk_100m (IN)
                         net (fo=0)                   0.000    10.000    clk_100m
    Y9                   IBUF (Prop_ibuf_I_O)         1.420    11.420 r  clk_100m_IBUF_inst/O
                         net (fo=1, routed)           1.972    13.392    clk_100m_IBUF
    BUFGCTRL_X0Y0        BUFG (Prop_bufg_I_O)         0.091    13.483 r  clk_100m_IBUF_BUFG_inst/O
                         net (fo=7344, routed)        1.546    15.029    dma_inst/clk_100m_IBUF_BUFG
    SLICE_X60Y16         FDCE                                         r  dma_inst/reg_done_reg/C
                         clock pessimism              0.394    15.423    
                         clock uncertainty           -0.035    15.388    
    SLICE_X60Y16         FDCE (Recov_fdce_C_CLR)     -0.607    14.781    dma_inst/reg_done_reg
  -------------------------------------------------------------------
                         required time                         14.781    
                         arrival time                         -12.690    
  -------------------------------------------------------------------
                         slack                                  2.091    

Slack (MET) :             2.091ns  (required time - arrival time)
  Source:                 reset_inst/sync_rst_n_reg[1]/C
                            (rising edge-triggered cell FDCE clocked by clk_100m  {rise@0.000ns fall@5.000ns period=10.000ns})
  Destination:            uart_inst/rx_tick_cnt_reg[0]/CLR
                            (recovery check against rising-edge clock clk_100m  {rise@0.000ns fall@5.000ns period=10.000ns})
  Path Group:             **async_default**
  Path Type:              Recovery (Max at Slow Process Corner)
  Requirement:            10.000ns  (clk_100m rise@10.000ns - clk_100m rise@0.000ns)
  Data Path Delay:        7.220ns  (logic 0.608ns (8.421%)  route 6.612ns (91.579%))
  Logic Levels:           1  (LUT1=1)
  Clock Path Skew:        -0.046ns (DCD - SCD + CPR)
    Destination Clock Delay (DCD):    5.038ns = ( 15.038 - 10.000 ) 
    Source Clock Delay      (SCD):    5.478ns
    Clock Pessimism Removal (CPR):    0.394ns
  Clock Uncertainty:      0.035ns  ((TSJ^2 + TIJ^2)^1/2 + DJ) / 2 + PE
    Total System Jitter     (TSJ):    0.071ns
    Total Input Jitter      (TIJ):    0.000ns
    Discrete Jitter          (DJ):    0.000ns
    Phase Error              (PE):    0.000ns

    Location             Delay type                Incr(ns)  Path(ns)    Netlist Resource(s)
  -------------------------------------------------------------------    -------------------
                         (clock clk_100m rise edge)
                                                      0.000     0.000 r  
    Y9                                                0.000     0.000 r  clk_100m (IN)
                         net (fo=0)                   0.000     0.000    clk_100m
    Y9                   IBUF (Prop_ibuf_I_O)         1.490     1.490 r  clk_100m_IBUF_inst/O
                         net (fo=1, routed)           2.171     3.661    clk_100m_IBUF
    BUFGCTRL_X0Y0        BUFG (Prop_bufg_I_O)         0.101     3.762 r  clk_100m_IBUF_BUFG_inst/O
                         net (fo=7344, routed)        1.716     5.478    reset_inst/clk_100m_IBUF_BUFG
    SLICE_X55Y17         FDCE                                         r  reset_inst/sync_rst_n_reg[1]/C
  -------------------------------------------------------------------    -------------------
    SLICE_X55Y17         FDCE (Prop_fdce_C_Q)         0.456     5.934 r  reset_inst/sync_rst_n_reg[1]/Q
                         net (fo=47, routed)          2.486     8.420    reset_inst/Q[0]
    SLICE_X23Y12         LUT1 (Prop_lut1_I0_O)        0.152     8.572 f  reset_inst/active[1]_i_1/O
                         net (fo=1010, routed)        4.126    12.699    uart_inst/tx_count_reg[4]_0
    SLICE_X72Y7          FDCE                                         f  uart_inst/rx_tick_cnt_reg[0]/CLR
  -------------------------------------------------------------------    -------------------

                         (clock clk_100m rise edge)
                                                     10.000    10.000 r  
    Y9                                                0.000    10.000 r  clk_100m (IN)
                         net (fo=0)                   0.000    10.000    clk_100m
    Y9                   IBUF (Prop_ibuf_I_O)         1.420    11.420 r  clk_100m_IBUF_inst/O
                         net (fo=1, routed)           1.972    13.392    clk_100m_IBUF
    BUFGCTRL_X0Y0        BUFG (Prop_bufg_I_O)         0.091    13.483 r  clk_100m_IBUF_BUFG_inst/O
                         net (fo=7344, routed)        1.555    15.038    uart_inst/clk_100m_IBUF_BUFG
    SLICE_X72Y7          FDCE                                         r  uart_inst/rx_tick_cnt_reg[0]/C
                         clock pessimism              0.394    15.432    
                         clock uncertainty           -0.035    15.397    
    SLICE_X72Y7          FDCE (Recov_fdce_C_CLR)     -0.607    14.790    uart_inst/rx_tick_cnt_reg[0]
  -------------------------------------------------------------------
                         required time                         14.790    
                         arrival time                         -12.699    
  -------------------------------------------------------------------
                         slack                                  2.091    

Slack (MET) :             2.091ns  (required time - arrival time)
  Source:                 reset_inst/sync_rst_n_reg[1]/C
                            (rising edge-triggered cell FDCE clocked by clk_100m  {rise@0.000ns fall@5.000ns period=10.000ns})
  Destination:            uart_inst/rx_tick_cnt_reg[1]/CLR
                            (recovery check against rising-edge clock clk_100m  {rise@0.000ns fall@5.000ns period=10.000ns})
  Path Group:             **async_default**
  Path Type:              Recovery (Max at Slow Process Corner)
  Requirement:            10.000ns  (clk_100m rise@10.000ns - clk_100m rise@0.000ns)
  Data Path Delay:        7.220ns  (logic 0.608ns (8.421%)  route 6.612ns (91.579%))
  Logic Levels:           1  (LUT1=1)
  Clock Path Skew:        -0.046ns (DCD - SCD + CPR)
    Destination Clock Delay (DCD):    5.038ns = ( 15.038 - 10.000 ) 
    Source Clock Delay      (SCD):    5.478ns
    Clock Pessimism Removal (CPR):    0.394ns
  Clock Uncertainty:      0.035ns  ((TSJ^2 + TIJ^2)^1/2 + DJ) / 2 + PE
    Total System Jitter     (TSJ):    0.071ns
    Total Input Jitter      (TIJ):    0.000ns
    Discrete Jitter          (DJ):    0.000ns
    Phase Error              (PE):    0.000ns

    Location             Delay type                Incr(ns)  Path(ns)    Netlist Resource(s)
  -------------------------------------------------------------------    -------------------
                         (clock clk_100m rise edge)
                                                      0.000     0.000 r  
    Y9                                                0.000     0.000 r  clk_100m (IN)
                         net (fo=0)                   0.000     0.000    clk_100m
    Y9                   IBUF (Prop_ibuf_I_O)         1.490     1.490 r  clk_100m_IBUF_inst/O
                         net (fo=1, routed)           2.171     3.661    clk_100m_IBUF
    BUFGCTRL_X0Y0        BUFG (Prop_bufg_I_O)         0.101     3.762 r  clk_100m_IBUF_BUFG_inst/O
                         net (fo=7344, routed)        1.716     5.478    reset_inst/clk_100m_IBUF_BUFG
    SLICE_X55Y17         FDCE                                         r  reset_inst/sync_rst_n_reg[1]/C
  -------------------------------------------------------------------    -------------------
    SLICE_X55Y17         FDCE (Prop_fdce_C_Q)         0.456     5.934 r  reset_inst/sync_rst_n_reg[1]/Q
                         net (fo=47, routed)          2.486     8.420    reset_inst/Q[0]
    SLICE_X23Y12         LUT1 (Prop_lut1_I0_O)        0.152     8.572 f  reset_inst/active[1]_i_1/O
                         net (fo=1010, routed)        4.126    12.699    uart_inst/tx_count_reg[4]_0
    SLICE_X72Y7          FDCE                                         f  uart_inst/rx_tick_cnt_reg[1]/CLR
  -------------------------------------------------------------------    -------------------

                         (clock clk_100m rise edge)
                                                     10.000    10.000 r  
    Y9                                                0.000    10.000 r  clk_100m (IN)
                         net (fo=0)                   0.000    10.000    clk_100m
    Y9                   IBUF (Prop_ibuf_I_O)         1.420    11.420 r  clk_100m_IBUF_inst/O
                         net (fo=1, routed)           1.972    13.392    clk_100m_IBUF
    BUFGCTRL_X0Y0        BUFG (Prop_bufg_I_O)         0.091    13.483 r  clk_100m_IBUF_BUFG_inst/O
                         net (fo=7344, routed)        1.555    15.038    uart_inst/clk_100m_IBUF_BUFG
    SLICE_X72Y7          FDCE                                         r  uart_inst/rx_tick_cnt_reg[1]/C
                         clock pessimism              0.394    15.432    
                         clock uncertainty           -0.035    15.397    
    SLICE_X72Y7          FDCE (Recov_fdce_C_CLR)     -0.607    14.790    uart_inst/rx_tick_cnt_reg[1]
  -------------------------------------------------------------------
                         required time                         14.790    
                         arrival time                         -12.699    
  -------------------------------------------------------------------
                         slack                                  2.091    

Slack (MET) :             2.091ns  (required time - arrival time)
  Source:                 reset_inst/sync_rst_n_reg[1]/C
                            (rising edge-triggered cell FDCE clocked by clk_100m  {rise@0.000ns fall@5.000ns period=10.000ns})
  Destination:            uart_inst/rx_tick_cnt_reg[2]/CLR
                            (recovery check against rising-edge clock clk_100m  {rise@0.000ns fall@5.000ns period=10.000ns})
  Path Group:             **async_default**
  Path Type:              Recovery (Max at Slow Process Corner)
  Requirement:            10.000ns  (clk_100m rise@10.000ns - clk_100m rise@0.000ns)
  Data Path Delay:        7.220ns  (logic 0.608ns (8.421%)  route 6.612ns (91.579%))
  Logic Levels:           1  (LUT1=1)
  Clock Path Skew:        -0.046ns (DCD - SCD + CPR)
    Destination Clock Delay (DCD):    5.038ns = ( 15.038 - 10.000 ) 
    Source Clock Delay      (SCD):    5.478ns
    Clock Pessimism Removal (CPR):    0.394ns
  Clock Uncertainty:      0.035ns  ((TSJ^2 + TIJ^2)^1/2 + DJ) / 2 + PE
    Total System Jitter     (TSJ):    0.071ns
    Total Input Jitter      (TIJ):    0.000ns
    Discrete Jitter          (DJ):    0.000ns
    Phase Error              (PE):    0.000ns

    Location             Delay type                Incr(ns)  Path(ns)    Netlist Resource(s)
  -------------------------------------------------------------------    -------------------
                         (clock clk_100m rise edge)
                                                      0.000     0.000 r  
    Y9                                                0.000     0.000 r  clk_100m (IN)
                         net (fo=0)                   0.000     0.000    clk_100m
    Y9                   IBUF (Prop_ibuf_I_O)         1.490     1.490 r  clk_100m_IBUF_inst/O
                         net (fo=1, routed)           2.171     3.661    clk_100m_IBUF
    BUFGCTRL_X0Y0        BUFG (Prop_bufg_I_O)         0.101     3.762 r  clk_100m_IBUF_BUFG_inst/O
                         net (fo=7344, routed)        1.716     5.478    reset_inst/clk_100m_IBUF_BUFG
    SLICE_X55Y17         FDCE                                         r  reset_inst/sync_rst_n_reg[1]/C
  -------------------------------------------------------------------    -------------------
    SLICE_X55Y17         FDCE (Prop_fdce_C_Q)         0.456     5.934 r  reset_inst/sync_rst_n_reg[1]/Q
                         net (fo=47, routed)          2.486     8.420    reset_inst/Q[0]
    SLICE_X23Y12         LUT1 (Prop_lut1_I0_O)        0.152     8.572 f  reset_inst/active[1]_i_1/O
                         net (fo=1010, routed)        4.126    12.699    uart_inst/tx_count_reg[4]_0
    SLICE_X72Y7          FDCE                                         f  uart_inst/rx_tick_cnt_reg[2]/CLR
  -------------------------------------------------------------------    -------------------

                         (clock clk_100m rise edge)
                                                     10.000    10.000 r  
    Y9                                                0.000    10.000 r  clk_100m (IN)
                         net (fo=0)                   0.000    10.000    clk_100m
    Y9                   IBUF (Prop_ibuf_I_O)         1.420    11.420 r  clk_100m_IBUF_inst/O
                         net (fo=1, routed)           1.972    13.392    clk_100m_IBUF
    BUFGCTRL_X0Y0        BUFG (Prop_bufg_I_O)         0.091    13.483 r  clk_100m_IBUF_BUFG_inst/O
                         net (fo=7344, routed)        1.555    15.038    uart_inst/clk_100m_IBUF_BUFG
    SLICE_X72Y7          FDCE                                         r  uart_inst/rx_tick_cnt_reg[2]/C
                         clock pessimism              0.394    15.432    
                         clock uncertainty           -0.035    15.397    
    SLICE_X72Y7          FDCE (Recov_fdce_C_CLR)     -0.607    14.790    uart_inst/rx_tick_cnt_reg[2]
  -------------------------------------------------------------------
                         required time                         14.790    
                         arrival time                         -12.699    
  -------------------------------------------------------------------
                         slack                                  2.091    

Slack (MET) :             2.116ns  (required time - arrival time)
  Source:                 reset_inst/sync_rst_n_reg[1]/C
                            (rising edge-triggered cell FDCE clocked by clk_100m  {rise@0.000ns fall@5.000ns period=10.000ns})
  Destination:            dma_inst/length_reg[24]/CLR
                            (recovery check against rising-edge clock clk_100m  {rise@0.000ns fall@5.000ns period=10.000ns})
  Path Group:             **async_default**
  Path Type:              Recovery (Max at Slow Process Corner)
  Requirement:            10.000ns  (clk_100m rise@10.000ns - clk_100m rise@0.000ns)
  Data Path Delay:        7.189ns  (logic 0.608ns (8.457%)  route 6.581ns (91.543%))
  Logic Levels:           1  (LUT1=1)
  Clock Path Skew:        -0.053ns (DCD - SCD + CPR)
    Destination Clock Delay (DCD):    5.031ns = ( 15.031 - 10.000 ) 
    Source Clock Delay      (SCD):    5.478ns
    Clock Pessimism Removal (CPR):    0.394ns
  Clock Uncertainty:      0.035ns  ((TSJ^2 + TIJ^2)^1/2 + DJ) / 2 + PE
    Total System Jitter     (TSJ):    0.071ns
    Total Input Jitter      (TIJ):    0.000ns
    Discrete Jitter          (DJ):    0.000ns
    Phase Error              (PE):    0.000ns

    Location             Delay type                Incr(ns)  Path(ns)    Netlist Resource(s)
  -------------------------------------------------------------------    -------------------
                         (clock clk_100m rise edge)
                                                      0.000     0.000 r  
    Y9                                                0.000     0.000 r  clk_100m (IN)
                         net (fo=0)                   0.000     0.000    clk_100m
    Y9                   IBUF (Prop_ibuf_I_O)         1.490     1.490 r  clk_100m_IBUF_inst/O
                         net (fo=1, routed)           2.171     3.661    clk_100m_IBUF
    BUFGCTRL_X0Y0        BUFG (Prop_bufg_I_O)         0.101     3.762 r  clk_100m_IBUF_BUFG_inst/O
                         net (fo=7344, routed)        1.716     5.478    reset_inst/clk_100m_IBUF_BUFG
    SLICE_X55Y17         FDCE                                         r  reset_inst/sync_rst_n_reg[1]/C
  -------------------------------------------------------------------    -------------------
    SLICE_X55Y17         FDCE (Prop_fdce_C_Q)         0.456     5.934 r  reset_inst/sync_rst_n_reg[1]/Q
                         net (fo=47, routed)          2.486     8.420    reset_inst/Q[0]
    SLICE_X23Y12         LUT1 (Prop_lut1_I0_O)        0.152     8.572 f  reset_inst/active[1]_i_1/O
                         net (fo=1010, routed)        4.095    12.668    dma_inst/reg_error_reg_0
    SLICE_X64Y15         FDCE                                         f  dma_inst/length_reg[24]/CLR
  -------------------------------------------------------------------    -------------------

                         (clock clk_100m rise edge)
                                                     10.000    10.000 r  
    Y9                                                0.000    10.000 r  clk_100m (IN)
                         net (fo=0)                   0.000    10.000    clk_100m
    Y9                   IBUF (Prop_ibuf_I_O)         1.420    11.420 r  clk_100m_IBUF_inst/O
                         net (fo=1, routed)           1.972    13.392    clk_100m_IBUF
    BUFGCTRL_X0Y0        BUFG (Prop_bufg_I_O)         0.091    13.483 r  clk_100m_IBUF_BUFG_inst/O
                         net (fo=7344, routed)        1.548    15.031    dma_inst/clk_100m_IBUF_BUFG
    SLICE_X64Y15         FDCE                                         r  dma_inst/length_reg[24]/C
                         clock pessimism              0.394    15.425    
                         clock uncertainty           -0.035    15.390    
    SLICE_X64Y15         FDCE (Recov_fdce_C_CLR)     -0.607    14.783    dma_inst/length_reg[24]
  -------------------------------------------------------------------
                         required time                         14.783    
                         arrival time                         -12.668    
  -------------------------------------------------------------------
                         slack                                  2.116    

Slack (MET) :             2.116ns  (required time - arrival time)
  Source:                 reset_inst/sync_rst_n_reg[1]/C
                            (rising edge-triggered cell FDCE clocked by clk_100m  {rise@0.000ns fall@5.000ns period=10.000ns})
  Destination:            dma_inst/length_reg[26]/CLR
                            (recovery check against rising-edge clock clk_100m  {rise@0.000ns fall@5.000ns period=10.000ns})
  Path Group:             **async_default**
  Path Type:              Recovery (Max at Slow Process Corner)
  Requirement:            10.000ns  (clk_100m rise@10.000ns - clk_100m rise@0.000ns)
  Data Path Delay:        7.189ns  (logic 0.608ns (8.457%)  route 6.581ns (91.543%))
  Logic Levels:           1  (LUT1=1)
  Clock Path Skew:        -0.053ns (DCD - SCD + CPR)
    Destination Clock Delay (DCD):    5.031ns = ( 15.031 - 10.000 ) 
    Source Clock Delay      (SCD):    5.478ns
    Clock Pessimism Removal (CPR):    0.394ns
  Clock Uncertainty:      0.035ns  ((TSJ^2 + TIJ^2)^1/2 + DJ) / 2 + PE
    Total System Jitter     (TSJ):    0.071ns
    Total Input Jitter      (TIJ):    0.000ns
    Discrete Jitter          (DJ):    0.000ns
    Phase Error              (PE):    0.000ns

    Location             Delay type                Incr(ns)  Path(ns)    Netlist Resource(s)
  -------------------------------------------------------------------    -------------------
                         (clock clk_100m rise edge)
                                                      0.000     0.000 r  
    Y9                                                0.000     0.000 r  clk_100m (IN)
                         net (fo=0)                   0.000     0.000    clk_100m
    Y9                   IBUF (Prop_ibuf_I_O)         1.490     1.490 r  clk_100m_IBUF_inst/O
                         net (fo=1, routed)           2.171     3.661    clk_100m_IBUF
    BUFGCTRL_X0Y0        BUFG (Prop_bufg_I_O)         0.101     3.762 r  clk_100m_IBUF_BUFG_inst/O
                         net (fo=7344, routed)        1.716     5.478    reset_inst/clk_100m_IBUF_BUFG
    SLICE_X55Y17         FDCE                                         r  reset_inst/sync_rst_n_reg[1]/C
  -------------------------------------------------------------------    -------------------
    SLICE_X55Y17         FDCE (Prop_fdce_C_Q)         0.456     5.934 r  reset_inst/sync_rst_n_reg[1]/Q
                         net (fo=47, routed)          2.486     8.420    reset_inst/Q[0]
    SLICE_X23Y12         LUT1 (Prop_lut1_I0_O)        0.152     8.572 f  reset_inst/active[1]_i_1/O
                         net (fo=1010, routed)        4.095    12.668    dma_inst/reg_error_reg_0
    SLICE_X64Y15         FDCE                                         f  dma_inst/length_reg[26]/CLR
  -------------------------------------------------------------------    -------------------

                         (clock clk_100m rise edge)
                                                     10.000    10.000 r  
    Y9                                                0.000    10.000 r  clk_100m (IN)
                         net (fo=0)                   0.000    10.000    clk_100m
    Y9                   IBUF (Prop_ibuf_I_O)         1.420    11.420 r  clk_100m_IBUF_inst/O
                         net (fo=1, routed)           1.972    13.392    clk_100m_IBUF
    BUFGCTRL_X0Y0        BUFG (Prop_bufg_I_O)         0.091    13.483 r  clk_100m_IBUF_BUFG_inst/O
                         net (fo=7344, routed)        1.548    15.031    dma_inst/clk_100m_IBUF_BUFG
    SLICE_X64Y15         FDCE                                         r  dma_inst/length_reg[26]/C
                         clock pessimism              0.394    15.425    
                         clock uncertainty           -0.035    15.390    
    SLICE_X64Y15         FDCE (Recov_fdce_C_CLR)     -0.607    14.783    dma_inst/length_reg[26]
  -------------------------------------------------------------------
                         required time                         14.783    
                         arrival time                         -12.668    
  -------------------------------------------------------------------
                         slack                                  2.116    

Slack (MET) :             2.116ns  (required time - arrival time)
  Source:                 reset_inst/sync_rst_n_reg[1]/C
                            (rising edge-triggered cell FDCE clocked by clk_100m  {rise@0.000ns fall@5.000ns period=10.000ns})
  Destination:            dma_inst/length_reg[28]/CLR
                            (recovery check against rising-edge clock clk_100m  {rise@0.000ns fall@5.000ns period=10.000ns})
  Path Group:             **async_default**
  Path Type:              Recovery (Max at Slow Process Corner)
  Requirement:            10.000ns  (clk_100m rise@10.000ns - clk_100m rise@0.000ns)
  Data Path Delay:        7.189ns  (logic 0.608ns (8.457%)  route 6.581ns (91.543%))
  Logic Levels:           1  (LUT1=1)
  Clock Path Skew:        -0.053ns (DCD - SCD + CPR)
    Destination Clock Delay (DCD):    5.031ns = ( 15.031 - 10.000 ) 
    Source Clock Delay      (SCD):    5.478ns
    Clock Pessimism Removal (CPR):    0.394ns
  Clock Uncertainty:      0.035ns  ((TSJ^2 + TIJ^2)^1/2 + DJ) / 2 + PE
    Total System Jitter     (TSJ):    0.071ns
    Total Input Jitter      (TIJ):    0.000ns
    Discrete Jitter          (DJ):    0.000ns
    Phase Error              (PE):    0.000ns

    Location             Delay type                Incr(ns)  Path(ns)    Netlist Resource(s)
  -------------------------------------------------------------------    -------------------
                         (clock clk_100m rise edge)
                                                      0.000     0.000 r  
    Y9                                                0.000     0.000 r  clk_100m (IN)
                         net (fo=0)                   0.000     0.000    clk_100m
    Y9                   IBUF (Prop_ibuf_I_O)         1.490     1.490 r  clk_100m_IBUF_inst/O
                         net (fo=1, routed)           2.171     3.661    clk_100m_IBUF
    BUFGCTRL_X0Y0        BUFG (Prop_bufg_I_O)         0.101     3.762 r  clk_100m_IBUF_BUFG_inst/O
                         net (fo=7344, routed)        1.716     5.478    reset_inst/clk_100m_IBUF_BUFG
    SLICE_X55Y17         FDCE                                         r  reset_inst/sync_rst_n_reg[1]/C
  -------------------------------------------------------------------    -------------------
    SLICE_X55Y17         FDCE (Prop_fdce_C_Q)         0.456     5.934 r  reset_inst/sync_rst_n_reg[1]/Q
                         net (fo=47, routed)          2.486     8.420    reset_inst/Q[0]
    SLICE_X23Y12         LUT1 (Prop_lut1_I0_O)        0.152     8.572 f  reset_inst/active[1]_i_1/O
                         net (fo=1010, routed)        4.095    12.668    dma_inst/reg_error_reg_0
    SLICE_X64Y15         FDCE                                         f  dma_inst/length_reg[28]/CLR
  -------------------------------------------------------------------    -------------------

                         (clock clk_100m rise edge)
                                                     10.000    10.000 r  
    Y9                                                0.000    10.000 r  clk_100m (IN)
                         net (fo=0)                   0.000    10.000    clk_100m
    Y9                   IBUF (Prop_ibuf_I_O)         1.420    11.420 r  clk_100m_IBUF_inst/O
                         net (fo=1, routed)           1.972    13.392    clk_100m_IBUF
    BUFGCTRL_X0Y0        BUFG (Prop_bufg_I_O)         0.091    13.483 r  clk_100m_IBUF_BUFG_inst/O
                         net (fo=7344, routed)        1.548    15.031    dma_inst/clk_100m_IBUF_BUFG
    SLICE_X64Y15         FDCE                                         r  dma_inst/length_reg[28]/C
                         clock pessimism              0.394    15.425    
                         clock uncertainty           -0.035    15.390    
    SLICE_X64Y15         FDCE (Recov_fdce_C_CLR)     -0.607    14.783    dma_inst/length_reg[28]
  -------------------------------------------------------------------
                         required time                         14.783    
                         arrival time                         -12.668    
  -------------------------------------------------------------------
                         slack                                  2.116    





Min Delay Paths
--------------------------------------------------------------------------------------
Slack (MET) :             1.353ns  (arrival time - required time)
  Source:                 ext_reset_n
                            (input port clocked by clk_100m  {rise@0.000ns fall@5.000ns period=10.000ns})
  Destination:            reset_inst/sync_rst_n_reg[0]/CLR
                            (removal check against rising-edge clock clk_100m  {rise@0.000ns fall@5.000ns period=10.000ns})
  Path Group:             **async_default**
  Path Type:              Removal (Min at Fast Process Corner)
  Requirement:            0.000ns  (clk_100m rise@0.000ns - clk_100m rise@0.000ns)
  Data Path Delay:        2.830ns  (logic 0.300ns (10.585%)  route 2.531ns (89.415%))
  Logic Levels:           2  (IBUF=1 LUT1=1)
  Input Delay:            0.500ns
  Clock Path Skew:        2.034ns (DCD - SCD - CPR)
    Destination Clock Delay (DCD):    2.034ns
    Source Clock Delay      (SCD):    0.000ns
    Clock Pessimism Removal (CPR):    -0.000ns
  Clock Uncertainty:      0.035ns  ((TSJ^2 + TIJ^2)^1/2 + DJ) / 2 + PE
    Total System Jitter     (TSJ):    0.071ns
    Total Input Jitter      (TIJ):    0.000ns
    Discrete Jitter          (DJ):    0.000ns
    Phase Error              (PE):    0.000ns

    Location             Delay type                Incr(ns)  Path(ns)    Netlist Resource(s)
  -------------------------------------------------------------------    -------------------
                         (clock clk_100m rise edge)
                                                      0.000     0.000 r  
                         input delay                  0.500     0.500    
    F22                                               0.000     0.500 r  ext_reset_n (IN)
                         net (fo=0)                   0.000     0.500    ext_reset_n
    F22                  IBUF (Prop_ibuf_I_O)         0.255     0.755 r  ext_reset_n_IBUF_inst/O
                         net (fo=1, routed)           1.185     1.940    reset_inst/ext_reset_n_IBUF
    SLICE_X88Y79         LUT1 (Prop_lut1_I0_O)        0.045     1.985 f  reset_inst/sync_rst_n[1]_i_1/O
                         net (fo=2, routed)           1.345     3.330    reset_inst/sync_rst_n[1]_i_1_n_0
    SLICE_X55Y17         FDCE                                         f  reset_inst/sync_rst_n_reg[0]/CLR
  -------------------------------------------------------------------    -------------------

                         (clock clk_100m rise edge)
                                                      0.000     0.000 r  
    Y9                                                0.000     0.000 r  clk_100m (IN)
                         net (fo=0)                   0.000     0.000    clk_100m
    Y9                   IBUF (Prop_ibuf_I_O)         0.446     0.446 r  clk_100m_IBUF_inst/O
                         net (fo=1, routed)           0.719     1.165    clk_100m_IBUF
    BUFGCTRL_X0Y0        BUFG (Prop_bufg_I_O)         0.029     1.194 r  clk_100m_IBUF_BUFG_inst/O
                         net (fo=7344, routed)        0.840     2.034    reset_inst/clk_100m_IBUF_BUFG
    SLICE_X55Y17         FDCE                                         r  reset_inst/sync_rst_n_reg[0]/C
                         clock pessimism              0.000     2.034    
                         clock uncertainty            0.035     2.069    
    SLICE_X55Y17         FDCE (Remov_fdce_C_CLR)     -0.092     1.977    reset_inst/sync_rst_n_reg[0]
  -------------------------------------------------------------------
                         required time                         -1.977    
                         arrival time                           3.330    
  -------------------------------------------------------------------
                         slack                                  1.353    

Slack (MET) :             1.353ns  (arrival time - required time)
  Source:                 ext_reset_n
                            (input port clocked by clk_100m  {rise@0.000ns fall@5.000ns period=10.000ns})
  Destination:            reset_inst/sync_rst_n_reg[1]/CLR
                            (removal check against rising-edge clock clk_100m  {rise@0.000ns fall@5.000ns period=10.000ns})
  Path Group:             **async_default**
  Path Type:              Removal (Min at Fast Process Corner)
  Requirement:            0.000ns  (clk_100m rise@0.000ns - clk_100m rise@0.000ns)
  Data Path Delay:        2.830ns  (logic 0.300ns (10.585%)  route 2.531ns (89.415%))
  Logic Levels:           2  (IBUF=1 LUT1=1)
  Input Delay:            0.500ns
  Clock Path Skew:        2.034ns (DCD - SCD - CPR)
    Destination Clock Delay (DCD):    2.034ns
    Source Clock Delay      (SCD):    0.000ns
    Clock Pessimism Removal (CPR):    -0.000ns
  Clock Uncertainty:      0.035ns  ((TSJ^2 + TIJ^2)^1/2 + DJ) / 2 + PE
    Total System Jitter     (TSJ):    0.071ns
    Total Input Jitter      (TIJ):    0.000ns
    Discrete Jitter          (DJ):    0.000ns
    Phase Error              (PE):    0.000ns

    Location             Delay type                Incr(ns)  Path(ns)    Netlist Resource(s)
  -------------------------------------------------------------------    -------------------
                         (clock clk_100m rise edge)
                                                      0.000     0.000 r  
                         input delay                  0.500     0.500    
    F22                                               0.000     0.500 r  ext_reset_n (IN)
                         net (fo=0)                   0.000     0.500    ext_reset_n
    F22                  IBUF (Prop_ibuf_I_O)         0.255     0.755 r  ext_reset_n_IBUF_inst/O
                         net (fo=1, routed)           1.185     1.940    reset_inst/ext_reset_n_IBUF
    SLICE_X88Y79         LUT1 (Prop_lut1_I0_O)        0.045     1.985 f  reset_inst/sync_rst_n[1]_i_1/O
                         net (fo=2, routed)           1.345     3.330    reset_inst/sync_rst_n[1]_i_1_n_0
    SLICE_X55Y17         FDCE                                         f  reset_inst/sync_rst_n_reg[1]/CLR
  -------------------------------------------------------------------    -------------------

                         (clock clk_100m rise edge)
                                                      0.000     0.000 r  
    Y9                                                0.000     0.000 r  clk_100m (IN)
                         net (fo=0)                   0.000     0.000    clk_100m
    Y9                   IBUF (Prop_ibuf_I_O)         0.446     0.446 r  clk_100m_IBUF_inst/O
                         net (fo=1, routed)           0.719     1.165    clk_100m_IBUF
    BUFGCTRL_X0Y0        BUFG (Prop_bufg_I_O)         0.029     1.194 r  clk_100m_IBUF_BUFG_inst/O
                         net (fo=7344, routed)        0.840     2.034    reset_inst/clk_100m_IBUF_BUFG
    SLICE_X55Y17         FDCE                                         r  reset_inst/sync_rst_n_reg[1]/C
                         clock pessimism              0.000     2.034    
                         clock uncertainty            0.035     2.069    
    SLICE_X55Y17         FDCE (Remov_fdce_C_CLR)     -0.092     1.977    reset_inst/sync_rst_n_reg[1]
  -------------------------------------------------------------------
                         required time                         -1.977    
                         arrival time                           3.330    
  -------------------------------------------------------------------
                         slack                                  1.353    

Slack (MET) :             1.375ns  (arrival time - required time)
  Source:                 reset_inst/sync_rst_n_reg[1]/C
                            (rising edge-triggered cell FDCE clocked by clk_100m  {rise@0.000ns fall@5.000ns period=10.000ns})
  Destination:            uart_inst/tx_count_reg[0]/CLR
                            (removal check against rising-edge clock clk_100m  {rise@0.000ns fall@5.000ns period=10.000ns})
  Path Group:             **async_default**
  Path Type:              Removal (Min at Fast Process Corner)
  Requirement:            0.000ns  (clk_100m rise@0.000ns - clk_100m rise@0.000ns)
  Data Path Delay:        1.527ns  (logic 0.185ns (12.119%)  route 1.342ns (87.881%))
  Logic Levels:           1  (LUT1=1)
  Clock Path Skew:        0.280ns (DCD - SCD - CPR)
    Destination Clock Delay (DCD):    2.053ns
    Source Clock Delay      (SCD):    1.521ns
    Clock Pessimism Removal (CPR):    0.252ns

    Location             Delay type                Incr(ns)  Path(ns)    Netlist Resource(s)
  -------------------------------------------------------------------    -------------------
                         (clock clk_100m rise edge)
                                                      0.000     0.000 r  
    Y9                                                0.000     0.000 r  clk_100m (IN)
                         net (fo=0)                   0.000     0.000    clk_100m
    Y9                   IBUF (Prop_ibuf_I_O)         0.258     0.258 r  clk_100m_IBUF_inst/O
                         net (fo=1, routed)           0.663     0.921    clk_100m_IBUF
    BUFGCTRL_X0Y0        BUFG (Prop_bufg_I_O)         0.026     0.947 r  clk_100m_IBUF_BUFG_inst/O
                         net (fo=7344, routed)        0.574     1.521    reset_inst/clk_100m_IBUF_BUFG
    SLICE_X55Y17         FDCE                                         r  reset_inst/sync_rst_n_reg[1]/C
  -------------------------------------------------------------------    -------------------
    SLICE_X55Y17         FDCE (Prop_fdce_C_Q)         0.141     1.662 r  reset_inst/sync_rst_n_reg[1]/Q
                         net (fo=47, routed)          1.123     2.785    reset_inst/Q[0]
    SLICE_X23Y12         LUT1 (Prop_lut1_I0_O)        0.044     2.829 f  reset_inst/active[1]_i_1/O
                         net (fo=1010, routed)        0.219     3.047    uart_inst/tx_count_reg[4]_0
    SLICE_X16Y12         FDCE                                         f  uart_inst/tx_count_reg[0]/CLR
  -------------------------------------------------------------------    -------------------

                         (clock clk_100m rise edge)
                                                      0.000     0.000 r  
    Y9                                                0.000     0.000 r  clk_100m (IN)
                         net (fo=0)                   0.000     0.000    clk_100m
    Y9                   IBUF (Prop_ibuf_I_O)         0.446     0.446 r  clk_100m_IBUF_inst/O
                         net (fo=1, routed)           0.719     1.165    clk_100m_IBUF
    BUFGCTRL_X0Y0        BUFG (Prop_bufg_I_O)         0.029     1.194 r  clk_100m_IBUF_BUFG_inst/O
                         net (fo=7344, routed)        0.859     2.053    uart_inst/clk_100m_IBUF_BUFG
    SLICE_X16Y12         FDCE                                         r  uart_inst/tx_count_reg[0]/C
                         clock pessimism             -0.252     1.801    
    SLICE_X16Y12         FDCE (Remov_fdce_C_CLR)     -0.129     1.672    uart_inst/tx_count_reg[0]
  -------------------------------------------------------------------
                         required time                         -1.672    
                         arrival time                           3.047    
  -------------------------------------------------------------------
                         slack                                  1.375    

Slack (MET) :             1.375ns  (arrival time - required time)
  Source:                 reset_inst/sync_rst_n_reg[1]/C
                            (rising edge-triggered cell FDCE clocked by clk_100m  {rise@0.000ns fall@5.000ns period=10.000ns})
  Destination:            uart_inst/tx_count_reg[1]/CLR
                            (removal check against rising-edge clock clk_100m  {rise@0.000ns fall@5.000ns period=10.000ns})
  Path Group:             **async_default**
  Path Type:              Removal (Min at Fast Process Corner)
  Requirement:            0.000ns  (clk_100m rise@0.000ns - clk_100m rise@0.000ns)
  Data Path Delay:        1.527ns  (logic 0.185ns (12.119%)  route 1.342ns (87.881%))
  Logic Levels:           1  (LUT1=1)
  Clock Path Skew:        0.280ns (DCD - SCD - CPR)
    Destination Clock Delay (DCD):    2.053ns
    Source Clock Delay      (SCD):    1.521ns
    Clock Pessimism Removal (CPR):    0.252ns

    Location             Delay type                Incr(ns)  Path(ns)    Netlist Resource(s)
  -------------------------------------------------------------------    -------------------
                         (clock clk_100m rise edge)
                                                      0.000     0.000 r  
    Y9                                                0.000     0.000 r  clk_100m (IN)
                         net (fo=0)                   0.000     0.000    clk_100m
    Y9                   IBUF (Prop_ibuf_I_O)         0.258     0.258 r  clk_100m_IBUF_inst/O
                         net (fo=1, routed)           0.663     0.921    clk_100m_IBUF
    BUFGCTRL_X0Y0        BUFG (Prop_bufg_I_O)         0.026     0.947 r  clk_100m_IBUF_BUFG_inst/O
                         net (fo=7344, routed)        0.574     1.521    reset_inst/clk_100m_IBUF_BUFG
    SLICE_X55Y17         FDCE                                         r  reset_inst/sync_rst_n_reg[1]/C
  -------------------------------------------------------------------    -------------------
    SLICE_X55Y17         FDCE (Prop_fdce_C_Q)         0.141     1.662 r  reset_inst/sync_rst_n_reg[1]/Q
                         net (fo=47, routed)          1.123     2.785    reset_inst/Q[0]
    SLICE_X23Y12         LUT1 (Prop_lut1_I0_O)        0.044     2.829 f  reset_inst/active[1]_i_1/O
                         net (fo=1010, routed)        0.219     3.047    uart_inst/tx_count_reg[4]_0
    SLICE_X16Y12         FDCE                                         f  uart_inst/tx_count_reg[1]/CLR
  -------------------------------------------------------------------    -------------------

                         (clock clk_100m rise edge)
                                                      0.000     0.000 r  
    Y9                                                0.000     0.000 r  clk_100m (IN)
                         net (fo=0)                   0.000     0.000    clk_100m
    Y9                   IBUF (Prop_ibuf_I_O)         0.446     0.446 r  clk_100m_IBUF_inst/O
                         net (fo=1, routed)           0.719     1.165    clk_100m_IBUF
    BUFGCTRL_X0Y0        BUFG (Prop_bufg_I_O)         0.029     1.194 r  clk_100m_IBUF_BUFG_inst/O
                         net (fo=7344, routed)        0.859     2.053    uart_inst/clk_100m_IBUF_BUFG
    SLICE_X16Y12         FDCE                                         r  uart_inst/tx_count_reg[1]/C
                         clock pessimism             -0.252     1.801    
    SLICE_X16Y12         FDCE (Remov_fdce_C_CLR)     -0.129     1.672    uart_inst/tx_count_reg[1]
  -------------------------------------------------------------------
                         required time                         -1.672    
                         arrival time                           3.047    
  -------------------------------------------------------------------
                         slack                                  1.375    

Slack (MET) :             1.375ns  (arrival time - required time)
  Source:                 reset_inst/sync_rst_n_reg[1]/C
                            (rising edge-triggered cell FDCE clocked by clk_100m  {rise@0.000ns fall@5.000ns period=10.000ns})
  Destination:            uart_inst/tx_count_reg[2]/CLR
                            (removal check against rising-edge clock clk_100m  {rise@0.000ns fall@5.000ns period=10.000ns})
  Path Group:             **async_default**
  Path Type:              Removal (Min at Fast Process Corner)
  Requirement:            0.000ns  (clk_100m rise@0.000ns - clk_100m rise@0.000ns)
  Data Path Delay:        1.527ns  (logic 0.185ns (12.119%)  route 1.342ns (87.881%))
  Logic Levels:           1  (LUT1=1)
  Clock Path Skew:        0.280ns (DCD - SCD - CPR)
    Destination Clock Delay (DCD):    2.053ns
    Source Clock Delay      (SCD):    1.521ns
    Clock Pessimism Removal (CPR):    0.252ns

    Location             Delay type                Incr(ns)  Path(ns)    Netlist Resource(s)
  -------------------------------------------------------------------    -------------------
                         (clock clk_100m rise edge)
                                                      0.000     0.000 r  
    Y9                                                0.000     0.000 r  clk_100m (IN)
                         net (fo=0)                   0.000     0.000    clk_100m
    Y9                   IBUF (Prop_ibuf_I_O)         0.258     0.258 r  clk_100m_IBUF_inst/O
                         net (fo=1, routed)           0.663     0.921    clk_100m_IBUF
    BUFGCTRL_X0Y0        BUFG (Prop_bufg_I_O)         0.026     0.947 r  clk_100m_IBUF_BUFG_inst/O
                         net (fo=7344, routed)        0.574     1.521    reset_inst/clk_100m_IBUF_BUFG
    SLICE_X55Y17         FDCE                                         r  reset_inst/sync_rst_n_reg[1]/C
  -------------------------------------------------------------------    -------------------
    SLICE_X55Y17         FDCE (Prop_fdce_C_Q)         0.141     1.662 r  reset_inst/sync_rst_n_reg[1]/Q
                         net (fo=47, routed)          1.123     2.785    reset_inst/Q[0]
    SLICE_X23Y12         LUT1 (Prop_lut1_I0_O)        0.044     2.829 f  reset_inst/active[1]_i_1/O
                         net (fo=1010, routed)        0.219     3.047    uart_inst/tx_count_reg[4]_0
    SLICE_X16Y12         FDCE                                         f  uart_inst/tx_count_reg[2]/CLR
  -------------------------------------------------------------------    -------------------

                         (clock clk_100m rise edge)
                                                      0.000     0.000 r  
    Y9                                                0.000     0.000 r  clk_100m (IN)
                         net (fo=0)                   0.000     0.000    clk_100m
    Y9                   IBUF (Prop_ibuf_I_O)         0.446     0.446 r  clk_100m_IBUF_inst/O
                         net (fo=1, routed)           0.719     1.165    clk_100m_IBUF
    BUFGCTRL_X0Y0        BUFG (Prop_bufg_I_O)         0.029     1.194 r  clk_100m_IBUF_BUFG_inst/O
                         net (fo=7344, routed)        0.859     2.053    uart_inst/clk_100m_IBUF_BUFG
    SLICE_X16Y12         FDCE                                         r  uart_inst/tx_count_reg[2]/C
                         clock pessimism             -0.252     1.801    
    SLICE_X16Y12         FDCE (Remov_fdce_C_CLR)     -0.129     1.672    uart_inst/tx_count_reg[2]
  -------------------------------------------------------------------
                         required time                         -1.672    
                         arrival time                           3.047    
  -------------------------------------------------------------------
                         slack                                  1.375    

Slack (MET) :             1.445ns  (arrival time - required time)
  Source:                 reset_inst/sync_rst_n_reg[1]/C
                            (rising edge-triggered cell FDCE clocked by clk_100m  {rise@0.000ns fall@5.000ns period=10.000ns})
  Destination:            uart_inst/tx_count_reg[3]/CLR
                            (removal check against rising-edge clock clk_100m  {rise@0.000ns fall@5.000ns period=10.000ns})
  Path Group:             **async_default**
  Path Type:              Removal (Min at Fast Process Corner)
  Requirement:            0.000ns  (clk_100m rise@0.000ns - clk_100m rise@0.000ns)
  Data Path Delay:        1.598ns  (logic 0.185ns (11.575%)  route 1.413ns (88.425%))
  Logic Levels:           1  (LUT1=1)
  Clock Path Skew:        0.282ns (DCD - SCD - CPR)
    Destination Clock Delay (DCD):    2.055ns
    Source Clock Delay      (SCD):    1.521ns
    Clock Pessimism Removal (CPR):    0.252ns

    Location             Delay type                Incr(ns)  Path(ns)    Netlist Resource(s)
  -------------------------------------------------------------------    -------------------
                         (clock clk_100m rise edge)
                                                      0.000     0.000 r  
    Y9                                                0.000     0.000 r  clk_100m (IN)
                         net (fo=0)                   0.000     0.000    clk_100m
    Y9                   IBUF (Prop_ibuf_I_O)         0.258     0.258 r  clk_100m_IBUF_inst/O
                         net (fo=1, routed)           0.663     0.921    clk_100m_IBUF
    BUFGCTRL_X0Y0        BUFG (Prop_bufg_I_O)         0.026     0.947 r  clk_100m_IBUF_BUFG_inst/O
                         net (fo=7344, routed)        0.574     1.521    reset_inst/clk_100m_IBUF_BUFG
    SLICE_X55Y17         FDCE                                         r  reset_inst/sync_rst_n_reg[1]/C
  -------------------------------------------------------------------    -------------------
    SLICE_X55Y17         FDCE (Prop_fdce_C_Q)         0.141     1.662 r  reset_inst/sync_rst_n_reg[1]/Q
                         net (fo=47, routed)          1.123     2.785    reset_inst/Q[0]
    SLICE_X23Y12         LUT1 (Prop_lut1_I0_O)        0.044     2.829 f  reset_inst/active[1]_i_1/O
                         net (fo=1010, routed)        0.291     3.119    uart_inst/tx_count_reg[4]_0
    SLICE_X16Y11         FDCE                                         f  uart_inst/tx_count_reg[3]/CLR
  -------------------------------------------------------------------    -------------------

                         (clock clk_100m rise edge)
                                                      0.000     0.000 r  
    Y9                                                0.000     0.000 r  clk_100m (IN)
                         net (fo=0)                   0.000     0.000    clk_100m
    Y9                   IBUF (Prop_ibuf_I_O)         0.446     0.446 r  clk_100m_IBUF_inst/O
                         net (fo=1, routed)           0.719     1.165    clk_100m_IBUF
    BUFGCTRL_X0Y0        BUFG (Prop_bufg_I_O)         0.029     1.194 r  clk_100m_IBUF_BUFG_inst/O
                         net (fo=7344, routed)        0.861     2.055    uart_inst/clk_100m_IBUF_BUFG
    SLICE_X16Y11         FDCE                                         r  uart_inst/tx_count_reg[3]/C
                         clock pessimism             -0.252     1.803    
    SLICE_X16Y11         FDCE (Remov_fdce_C_CLR)     -0.129     1.674    uart_inst/tx_count_reg[3]
  -------------------------------------------------------------------
                         required time                         -1.674    
                         arrival time                           3.119    
  -------------------------------------------------------------------
                         slack                                  1.445    

Slack (MET) :             1.445ns  (arrival time - required time)
  Source:                 reset_inst/sync_rst_n_reg[1]/C
                            (rising edge-triggered cell FDCE clocked by clk_100m  {rise@0.000ns fall@5.000ns period=10.000ns})
  Destination:            uart_inst/tx_count_reg[4]/CLR
                            (removal check against rising-edge clock clk_100m  {rise@0.000ns fall@5.000ns period=10.000ns})
  Path Group:             **async_default**
  Path Type:              Removal (Min at Fast Process Corner)
  Requirement:            0.000ns  (clk_100m rise@0.000ns - clk_100m rise@0.000ns)
  Data Path Delay:        1.598ns  (logic 0.185ns (11.575%)  route 1.413ns (88.425%))
  Logic Levels:           1  (LUT1=1)
  Clock Path Skew:        0.282ns (DCD - SCD - CPR)
    Destination Clock Delay (DCD):    2.055ns
    Source Clock Delay      (SCD):    1.521ns
    Clock Pessimism Removal (CPR):    0.252ns

    Location             Delay type                Incr(ns)  Path(ns)    Netlist Resource(s)
  -------------------------------------------------------------------    -------------------
                         (clock clk_100m rise edge)
                                                      0.000     0.000 r  
    Y9                                                0.000     0.000 r  clk_100m (IN)
                         net (fo=0)                   0.000     0.000    clk_100m
    Y9                   IBUF (Prop_ibuf_I_O)         0.258     0.258 r  clk_100m_IBUF_inst/O
                         net (fo=1, routed)           0.663     0.921    clk_100m_IBUF
    BUFGCTRL_X0Y0        BUFG (Prop_bufg_I_O)         0.026     0.947 r  clk_100m_IBUF_BUFG_inst/O
                         net (fo=7344, routed)        0.574     1.521    reset_inst/clk_100m_IBUF_BUFG
    SLICE_X55Y17         FDCE                                         r  reset_inst/sync_rst_n_reg[1]/C
  -------------------------------------------------------------------    -------------------
    SLICE_X55Y17         FDCE (Prop_fdce_C_Q)         0.141     1.662 r  reset_inst/sync_rst_n_reg[1]/Q
                         net (fo=47, routed)          1.123     2.785    reset_inst/Q[0]
    SLICE_X23Y12         LUT1 (Prop_lut1_I0_O)        0.044     2.829 f  reset_inst/active[1]_i_1/O
                         net (fo=1010, routed)        0.291     3.119    uart_inst/tx_count_reg[4]_0
    SLICE_X16Y11         FDCE                                         f  uart_inst/tx_count_reg[4]/CLR
  -------------------------------------------------------------------    -------------------

                         (clock clk_100m rise edge)
                                                      0.000     0.000 r  
    Y9                                                0.000     0.000 r  clk_100m (IN)
                         net (fo=0)                   0.000     0.000    clk_100m
    Y9                   IBUF (Prop_ibuf_I_O)         0.446     0.446 r  clk_100m_IBUF_inst/O
                         net (fo=1, routed)           0.719     1.165    clk_100m_IBUF
    BUFGCTRL_X0Y0        BUFG (Prop_bufg_I_O)         0.029     1.194 r  clk_100m_IBUF_BUFG_inst/O
                         net (fo=7344, routed)        0.861     2.055    uart_inst/clk_100m_IBUF_BUFG
    SLICE_X16Y11         FDCE                                         r  uart_inst/tx_count_reg[4]/C
                         clock pessimism             -0.252     1.803    
    SLICE_X16Y11         FDCE (Remov_fdce_C_CLR)     -0.129     1.674    uart_inst/tx_count_reg[4]
  -------------------------------------------------------------------
                         required time                         -1.674    
                         arrival time                           3.119    
  -------------------------------------------------------------------
                         slack                                  1.445    

Slack (MET) :             1.470ns  (arrival time - required time)
  Source:                 reset_inst/sync_rst_n_reg[1]/C
                            (rising edge-triggered cell FDCE clocked by clk_100m  {rise@0.000ns fall@5.000ns period=10.000ns})
  Destination:            uart_inst/tx_pop_reg/CLR
                            (removal check against rising-edge clock clk_100m  {rise@0.000ns fall@5.000ns period=10.000ns})
  Path Group:             **async_default**
  Path Type:              Removal (Min at Fast Process Corner)
  Requirement:            0.000ns  (clk_100m rise@0.000ns - clk_100m rise@0.000ns)
  Data Path Delay:        1.598ns  (logic 0.185ns (11.575%)  route 1.413ns (88.425%))
  Logic Levels:           1  (LUT1=1)
  Clock Path Skew:        0.282ns (DCD - SCD - CPR)
    Destination Clock Delay (DCD):    2.055ns
    Source Clock Delay      (SCD):    1.521ns
    Clock Pessimism Removal (CPR):    0.252ns

    Location             Delay type                Incr(ns)  Path(ns)    Netlist Resource(s)
  -------------------------------------------------------------------    -------------------
                         (clock clk_100m rise edge)
                                                      0.000     0.000 r  
    Y9                                                0.000     0.000 r  clk_100m (IN)
                         net (fo=0)                   0.000     0.000    clk_100m
    Y9                   IBUF (Prop_ibuf_I_O)         0.258     0.258 r  clk_100m_IBUF_inst/O
                         net (fo=1, routed)           0.663     0.921    clk_100m_IBUF
    BUFGCTRL_X0Y0        BUFG (Prop_bufg_I_O)         0.026     0.947 r  clk_100m_IBUF_BUFG_inst/O
                         net (fo=7344, routed)        0.574     1.521    reset_inst/clk_100m_IBUF_BUFG
    SLICE_X55Y17         FDCE                                         r  reset_inst/sync_rst_n_reg[1]/C
  -------------------------------------------------------------------    -------------------
    SLICE_X55Y17         FDCE (Prop_fdce_C_Q)         0.141     1.662 r  reset_inst/sync_rst_n_reg[1]/Q
                         net (fo=47, routed)          1.123     2.785    reset_inst/Q[0]
    SLICE_X23Y12         LUT1 (Prop_lut1_I0_O)        0.044     2.829 f  reset_inst/active[1]_i_1/O
                         net (fo=1010, routed)        0.291     3.119    uart_inst/tx_count_reg[4]_0
    SLICE_X17Y11         FDCE                                         f  uart_inst/tx_pop_reg/CLR
  -------------------------------------------------------------------    -------------------

                         (clock clk_100m rise edge)
                                                      0.000     0.000 r  
    Y9                                                0.000     0.000 r  clk_100m (IN)
                         net (fo=0)                   0.000     0.000    clk_100m
    Y9                   IBUF (Prop_ibuf_I_O)         0.446     0.446 r  clk_100m_IBUF_inst/O
                         net (fo=1, routed)           0.719     1.165    clk_100m_IBUF
    BUFGCTRL_X0Y0        BUFG (Prop_bufg_I_O)         0.029     1.194 r  clk_100m_IBUF_BUFG_inst/O
                         net (fo=7344, routed)        0.861     2.055    uart_inst/clk_100m_IBUF_BUFG
    SLICE_X17Y11         FDCE                                         r  uart_inst/tx_pop_reg/C
                         clock pessimism             -0.252     1.803    
    SLICE_X17Y11         FDCE (Remov_fdce_C_CLR)     -0.154     1.649    uart_inst/tx_pop_reg
  -------------------------------------------------------------------
                         required time                         -1.649    
                         arrival time                           3.119    
  -------------------------------------------------------------------
                         slack                                  1.470    

Slack (MET) :             1.470ns  (arrival time - required time)
  Source:                 reset_inst/sync_rst_n_reg[1]/C
                            (rising edge-triggered cell FDCE clocked by clk_100m  {rise@0.000ns fall@5.000ns period=10.000ns})
  Destination:            uart_inst/tx_push_reg/CLR
                            (removal check against rising-edge clock clk_100m  {rise@0.000ns fall@5.000ns period=10.000ns})
  Path Group:             **async_default**
  Path Type:              Removal (Min at Fast Process Corner)
  Requirement:            0.000ns  (clk_100m rise@0.000ns - clk_100m rise@0.000ns)
  Data Path Delay:        1.598ns  (logic 0.185ns (11.575%)  route 1.413ns (88.425%))
  Logic Levels:           1  (LUT1=1)
  Clock Path Skew:        0.282ns (DCD - SCD - CPR)
    Destination Clock Delay (DCD):    2.055ns
    Source Clock Delay      (SCD):    1.521ns
    Clock Pessimism Removal (CPR):    0.252ns

    Location             Delay type                Incr(ns)  Path(ns)    Netlist Resource(s)
  -------------------------------------------------------------------    -------------------
                         (clock clk_100m rise edge)
                                                      0.000     0.000 r  
    Y9                                                0.000     0.000 r  clk_100m (IN)
                         net (fo=0)                   0.000     0.000    clk_100m
    Y9                   IBUF (Prop_ibuf_I_O)         0.258     0.258 r  clk_100m_IBUF_inst/O
                         net (fo=1, routed)           0.663     0.921    clk_100m_IBUF
    BUFGCTRL_X0Y0        BUFG (Prop_bufg_I_O)         0.026     0.947 r  clk_100m_IBUF_BUFG_inst/O
                         net (fo=7344, routed)        0.574     1.521    reset_inst/clk_100m_IBUF_BUFG
    SLICE_X55Y17         FDCE                                         r  reset_inst/sync_rst_n_reg[1]/C
  -------------------------------------------------------------------    -------------------
    SLICE_X55Y17         FDCE (Prop_fdce_C_Q)         0.141     1.662 r  reset_inst/sync_rst_n_reg[1]/Q
                         net (fo=47, routed)          1.123     2.785    reset_inst/Q[0]
    SLICE_X23Y12         LUT1 (Prop_lut1_I0_O)        0.044     2.829 f  reset_inst/active[1]_i_1/O
                         net (fo=1010, routed)        0.291     3.119    uart_inst/tx_count_reg[4]_0
    SLICE_X17Y11         FDCE                                         f  uart_inst/tx_push_reg/CLR
  -------------------------------------------------------------------    -------------------

                         (clock clk_100m rise edge)
                                                      0.000     0.000 r  
    Y9                                                0.000     0.000 r  clk_100m (IN)
                         net (fo=0)                   0.000     0.000    clk_100m
    Y9                   IBUF (Prop_ibuf_I_O)         0.446     0.446 r  clk_100m_IBUF_inst/O
                         net (fo=1, routed)           0.719     1.165    clk_100m_IBUF
    BUFGCTRL_X0Y0        BUFG (Prop_bufg_I_O)         0.029     1.194 r  clk_100m_IBUF_BUFG_inst/O
                         net (fo=7344, routed)        0.861     2.055    uart_inst/clk_100m_IBUF_BUFG
    SLICE_X17Y11         FDCE                                         r  uart_inst/tx_push_reg/C
                         clock pessimism             -0.252     1.803    
    SLICE_X17Y11         FDCE (Remov_fdce_C_CLR)     -0.154     1.649    uart_inst/tx_push_reg
  -------------------------------------------------------------------
                         required time                         -1.649    
                         arrival time                           3.119    
  -------------------------------------------------------------------
                         slack                                  1.470    

Slack (MET) :             1.504ns  (arrival time - required time)
  Source:                 reset_inst/sync_rst_n_reg[1]/C
                            (rising edge-triggered cell FDCE clocked by clk_100m  {rise@0.000ns fall@5.000ns period=10.000ns})
  Destination:            uart_inst/tx_push_data_reg[2]/CLR
                            (removal check against rising-edge clock clk_100m  {rise@0.000ns fall@5.000ns period=10.000ns})
  Path Group:             **async_default**
  Path Type:              Removal (Min at Fast Process Corner)
  Requirement:            0.000ns  (clk_100m rise@0.000ns - clk_100m rise@0.000ns)
  Data Path Delay:        1.659ns  (logic 0.185ns (11.154%)  route 1.474ns (88.846%))
  Logic Levels:           1  (LUT1=1)
  Clock Path Skew:        0.283ns (DCD - SCD - CPR)
    Destination Clock Delay (DCD):    2.056ns
    Source Clock Delay      (SCD):    1.521ns
    Clock Pessimism Removal (CPR):    0.252ns

    Location             Delay type                Incr(ns)  Path(ns)    Netlist Resource(s)
  -------------------------------------------------------------------    -------------------
                         (clock clk_100m rise edge)
                                                      0.000     0.000 r  
    Y9                                                0.000     0.000 r  clk_100m (IN)
                         net (fo=0)                   0.000     0.000    clk_100m
    Y9                   IBUF (Prop_ibuf_I_O)         0.258     0.258 r  clk_100m_IBUF_inst/O
                         net (fo=1, routed)           0.663     0.921    clk_100m_IBUF
    BUFGCTRL_X0Y0        BUFG (Prop_bufg_I_O)         0.026     0.947 r  clk_100m_IBUF_BUFG_inst/O
                         net (fo=7344, routed)        0.574     1.521    reset_inst/clk_100m_IBUF_BUFG
    SLICE_X55Y17         FDCE                                         r  reset_inst/sync_rst_n_reg[1]/C
  -------------------------------------------------------------------    -------------------
    SLICE_X55Y17         FDCE (Prop_fdce_C_Q)         0.141     1.662 r  reset_inst/sync_rst_n_reg[1]/Q
                         net (fo=47, routed)          1.123     2.785    reset_inst/Q[0]
    SLICE_X23Y12         LUT1 (Prop_lut1_I0_O)        0.044     2.829 f  reset_inst/active[1]_i_1/O
                         net (fo=1010, routed)        0.351     3.179    uart_inst/tx_count_reg[4]_0
    SLICE_X16Y9          FDCE                                         f  uart_inst/tx_push_data_reg[2]/CLR
  -------------------------------------------------------------------    -------------------

                         (clock clk_100m rise edge)
                                                      0.000     0.000 r  
    Y9                                                0.000     0.000 r  clk_100m (IN)
                         net (fo=0)                   0.000     0.000    clk_100m
    Y9                   IBUF (Prop_ibuf_I_O)         0.446     0.446 r  clk_100m_IBUF_inst/O
                         net (fo=1, routed)           0.719     1.165    clk_100m_IBUF
    BUFGCTRL_X0Y0        BUFG (Prop_bufg_I_O)         0.029     1.194 r  clk_100m_IBUF_BUFG_inst/O
                         net (fo=7344, routed)        0.862     2.056    uart_inst/clk_100m_IBUF_BUFG
    SLICE_X16Y9          FDCE                                         r  uart_inst/tx_push_data_reg[2]/C
                         clock pessimism             -0.252     1.804    
    SLICE_X16Y9          FDCE (Remov_fdce_C_CLR)     -0.129     1.675    uart_inst/tx_push_data_reg[2]
  -------------------------------------------------------------------
                         required time                         -1.675    
                         arrival time                           3.179    
  -------------------------------------------------------------------
                         slack                                  1.504    





--------------------------------------------------------------------------------------
Path Group:  (none)
From Clock:  clk_100m
  To Clock:  clk_100m

Max Delay             1 Endpoint
Min Delay             1 Endpoint
--------------------------------------------------------------------------------------


Max Delay Paths
--------------------------------------------------------------------------------------
Slack:                    inf
  Source:                 uart_inst/tx_out_bit_reg/C
                            (rising edge-triggered cell FDPE clocked by clk_100m  {rise@0.000ns fall@5.000ns period=10.000ns})
  Destination:            uart_tx
                            (output port clocked by clk_100m  {rise@0.000ns fall@5.000ns period=10.000ns})
  Path Group:             (none)
  Path Type:              Max at Slow Process Corner
  Data Path Delay:        7.529ns  (logic 4.508ns (59.884%)  route 3.020ns (40.116%))
  Logic Levels:           1  (OBUF=1)
  Output Delay:           3.000ns
  Clock Path Skew:        -5.516ns (DCD - SCD + CPR)
    Destination Clock Delay (DCD):    0.000ns
    Source Clock Delay      (SCD):    5.516ns
    Clock Pessimism Removal (CPR):    0.000ns
  Clock Uncertainty:      0.035ns  ((TSJ^2 + TIJ^2)^1/2 + DJ) / 2 + PE
    Total System Jitter     (TSJ):    0.071ns
    Total Input Jitter      (TIJ):    0.000ns
    Discrete Jitter          (DJ):    0.000ns
    Phase Error              (PE):    0.000ns
  Timing Exception:       False Path

    Location             Delay type                Incr(ns)  Path(ns)    Netlist Resource(s)
  -------------------------------------------------------------------    -------------------
                         (clock clk_100m rise edge)
                                                      0.000     0.000 r  
    Y9                                                0.000     0.000 r  clk_100m (IN)
                         net (fo=0)                   0.000     0.000    clk_100m
    Y9                   IBUF (Prop_ibuf_I_O)         1.490     1.490 r  clk_100m_IBUF_inst/O
                         net (fo=1, routed)           2.171     3.661    clk_100m_IBUF
    BUFGCTRL_X0Y0        BUFG (Prop_bufg_I_O)         0.101     3.762 r  clk_100m_IBUF_BUFG_inst/O
                         net (fo=7344, routed)        1.754     5.516    uart_inst/clk_100m_IBUF_BUFG
    SLICE_X15Y6          FDPE                                         r  uart_inst/tx_out_bit_reg/C
  -------------------------------------------------------------------    -------------------
    SLICE_X15Y6          FDPE (Prop_fdpe_C_Q)         0.456     5.972 r  uart_inst/tx_out_bit_reg/Q
                         net (fo=1, routed)           3.020     8.993    uart_tx_OBUF
    AA11                 OBUF (Prop_obuf_I_O)         4.052    13.045 r  uart_tx_OBUF_inst/O
                         net (fo=0)                   0.000    13.045    uart_tx
    AA11                                                              r  uart_tx (OUT)
  -------------------------------------------------------------------    -------------------





Min Delay Paths
--------------------------------------------------------------------------------------
Slack:                    inf
  Source:                 uart_inst/tx_out_bit_reg/C
                            (rising edge-triggered cell FDPE clocked by clk_100m  {rise@0.000ns fall@5.000ns period=10.000ns})
  Destination:            uart_tx
                            (output port clocked by clk_100m  {rise@0.000ns fall@5.000ns period=10.000ns})
  Path Group:             (none)
  Path Type:              Min at Fast Process Corner
  Data Path Delay:        3.190ns  (logic 2.196ns (68.830%)  route 0.994ns (31.170%))
  Logic Levels:           1  (OBUF=1)
  Output Delay:           0.500ns
  Clock Path Skew:        -1.541ns (DCD - SCD - CPR)
    Destination Clock Delay (DCD):    0.000ns
    Source Clock Delay      (SCD):    1.541ns
    Clock Pessimism Removal (CPR):    -0.000ns
  Clock Uncertainty:      0.035ns  ((TSJ^2 + TIJ^2)^1/2 + DJ) / 2 + PE
    Total System Jitter     (TSJ):    0.071ns
    Total Input Jitter      (TIJ):    0.000ns
    Discrete Jitter          (DJ):    0.000ns
    Phase Error              (PE):    0.000ns
  Timing Exception:       False Path

    Location             Delay type                Incr(ns)  Path(ns)    Netlist Resource(s)
  -------------------------------------------------------------------    -------------------
                         (clock clk_100m rise edge)
                                                      0.000     0.000 r  
    Y9                                                0.000     0.000 r  clk_100m (IN)
                         net (fo=0)                   0.000     0.000    clk_100m
    Y9                   IBUF (Prop_ibuf_I_O)         0.258     0.258 r  clk_100m_IBUF_inst/O
                         net (fo=1, routed)           0.663     0.921    clk_100m_IBUF
    BUFGCTRL_X0Y0        BUFG (Prop_bufg_I_O)         0.026     0.947 r  clk_100m_IBUF_BUFG_inst/O
                         net (fo=7344, routed)        0.594     1.541    uart_inst/clk_100m_IBUF_BUFG
    SLICE_X15Y6          FDPE                                         r  uart_inst/tx_out_bit_reg/C
  -------------------------------------------------------------------    -------------------
    SLICE_X15Y6          FDPE (Prop_fdpe_C_Q)         0.141     1.682 r  uart_inst/tx_out_bit_reg/Q
                         net (fo=1, routed)           0.994     2.676    uart_tx_OBUF
    AA11                 OBUF (Prop_obuf_I_O)         2.055     4.731 r  uart_tx_OBUF_inst/O
                         net (fo=0)                   0.000     4.731    uart_tx
    AA11                                                              r  uart_tx (OUT)
  -------------------------------------------------------------------    -------------------





